character_1 name,character_2 name,relationship
Aleksandar Simonović Djakon -  Larin muž,Arandjel Golubovic,0
Aleksandar Simonović Djakon -  Larin muž,Caslav Marjanovic Carli,They met at the dinner at Ozren Soldatovic house.
Aleksandar Simonović Djakon -  Larin muž,Djilda,0
Aleksandar Simonović Djakon -  Larin muž,Djurdjina Djina Golubovic,0
Aleksandar Simonović Djakon -  Larin muž,Djordje Kaludjerović - kurir Djoka,0
Aleksandar Simonović Djakon -  Larin muž,Djura Nedeljković Sultan,0
Aleksandar Simonović Djakon -  Larin muž,Feđa Zečević,0
Aleksandar Simonović Djakon -  Larin muž,Ljubičica Mitrović,0
Aleksandar Simonović Djakon -  Larin muž,Lola Golubovic,0
Aleksandar Simonović Djakon -  Larin muž,Lolina majka Dobrinka Marjanović,0
Aleksandar Simonović Djakon -  Larin muž,Nebojsa Neca Golubovic,0
Aleksandar Simonović Djakon -  Larin muž,Radojica Kuca,0
Aleksandar Simonović Djakon -  Larin muž,Batler Sofronije,0
Aleksandar Simonović Djakon -  Larin muž,Prcko -  Ostojićev sin,0
Aleksandar Simonović Djakon -  Larin muž,Pukovnik Dobrivoje Stokić -  pravi Simin vlasnik,0
Aleksandar Simonović Djakon -  Larin muž,Ristana Golubovic Riska,0
Aleksandar Simonović Djakon -  Larin muž,Sima,0
Aleksandar Simonović Djakon -  Larin muž,Stojiljko Stojiljković Rambo,0
Aleksandar Simonović Djakon -  Larin muž,Tiosav Marjanovic Garac,0
Aleksandar Simonović Djakon -  Larin muž,Vukasin Golubovic,0
Aleksandar Simonović Djakon -  Larin muž,Vuksan Mitrović,0
Aleksandar Simonović Djakon -  Larin muž,Žaklina iz Valjeva,0
Antonija Miloradović,Aleksandar Simonović Djakon -  Larin muž,0
Antonija Miloradović,Arandjel Golubovic,0
Antonija Miloradović,Boško Despotović,Antonija is the head nurse in the hospital where Bosko Despotovic was.
Antonija Miloradović,Caslav Marjanovic Carli,0
Antonija Miloradović,Djilda,They met when they Djilda was visting Djura Nedeljkovic Sultan in hospital.
Antonija Miloradović,Djurdjina Djina Golubovic,She is Djurdjina's boss at the hospital. She doesn't like her because Djurdjina hooked up with Antonija's son in law.
Antonija Miloradović,Djorđe Djorđević Djorđino,0
Antonija Miloradović,Djordje Kaludjerović - kurir Djoka,0
Antonija Miloradović,Djura Nedeljković Sultan,0
Antonija Miloradović,Feđa Zečević,0
Antonija Miloradović,Lara Simonović,0
Antonija Miloradović,Ljubičica Mitrović,0
Antonija Miloradović,Lola Golubovic,They met when Lola came to hospital to visit her father and her doughter.
Antonija Miloradović,Lolina majka Dobrinka Marjanović,0
Antonija Miloradović,Marijana Kolaković,Antonija met Marijana when she came to visit Bosko Despotovic in the hospital.
Antonija Miloradović,Nebojsa Neca Golubovic,They met when Neca came to visit his friend Vesna who is Antonija's grand doughter.
Antonija Miloradović,Radojica Kuca,0
Antonija Miloradović,Batler Sofronije,0
Antonija Miloradović,Prcko -  Ostojićev sin,0
Antonija Miloradović,Pukovnik Dobrivoje Stokić -  pravi Simin vlasnik,0
Antonija Miloradović,Radojica Ilić,0
Antonija Miloradović,Ristana Golubovic Riska,0
Antonija Miloradović,Savka Lopčević Ilić,0
Antonija Miloradović,Sima,0
Antonija Miloradović,Srećko Šljivić,0
Antonija Miloradović,Stojiljko Stojiljković Rambo,0
Antonija Miloradović,Tiosav Marjanovic Garac,She was the head nurse in the hosptial where Tiosav was.
Antonija Miloradović,Velimir Davidović Bata Šejn,0
Antonija Miloradović,Veselin Veličković Vesko,Antonija met Veselin Velickovic Vesko when she went to see where her son in law lives.
Antonija Miloradović,Vesna Popac,Antonija is Vesna's grand mother.
Antonija Miloradović,Vukasin Golubovic,0
Antonija Miloradović,Vuksan Mitrović,0
Antonija Miloradović,Žaklina iz Valjeva,0
Arandjel Golubovic,Caslav Marjanovic Carli,Arandjel knows Caslav because his is her doughter in law's brother.
Arandjel Golubovic,Djurdjina Djina Golubovic,Arandjel is Djurdjina's grand father from her dad's side.
Arandjel Golubovic,Nebojsa Neca Golubovic,Arandjel is Nebojsa's grand father from his dad's side.
Arandjel Golubovic,Ristana Golubovic Riska,Arandjel and Ristana are husband and wife.
Arandjel Golubovic,Tiosav Marjanovic Garac,Arandjel and Tiosav are in-laws.
Beba,Aleksandar Simonović Djakon -  Larin muž,Beba met him when he came to tell Popara to fire his wife Lara Simonovic.
Beba,Antonija Miloradović,0
Beba,Arandjel Golubovic,0
Beba,Cana Vasiljević Cana Fontana,0
Beba,Caslav Marjanovic Carli,0
Beba,Djilda,0
Beba,Direktor Paligorić,0
Beba,Djurdjina Djina Golubovic,0
Beba,Djorđe Djorđević Djorđino,0
Beba,Djordje Kaludjerović - kurir Djoka,0
Beba,dr Goran Popac,0
Beba,Djura Nedeljković Sultan,0
Beba,Feđa Zečević,0
Beba,Ilija Pandurović,She met Ilija when he and Garac came to meet with Popara.
Beba,Jovanka Soldatović,0
Beba,Katarina Keti Babović,0
Beba,Lara Simonović,Beba met Lara  when she came to work for Popara.
Beba,Ljubičica Mitrović,0
Beba,Lola Golubovic,Beba met Lola when Popara brought Lola to the office to show her the company and offered her the job.
Beba,Lolina majka Dobrinka Marjanović,0
Beba,Marina Popac,0
Beba,Nebojsa Neca Golubovic,0
Beba,Ozren Soldatović,0
Beba,Ozrenka Soldatović,0
Beba,Radojica Kuca,0
Beba,Batler Sofronije,0
Beba,Prcko -  Ostojićev sin,0
Beba,Pukovnik Dobrivoje Stokić -  pravi Simin vlasnik,0
Beba,Radojica Ilić,0
Beba,Ristana Golubovic Riska,0
Beba,Savka Lopčević Ilić,0
Beba,Sima,0
Beba,Smiljka Miljković,0
Beba,Srećko Šljivić,0
Beba,Stojiljko Stojiljković Rambo,0
Beba,Tiosav Marjanovic Garac,She met Garac when he and Ilija came to meet with Popara.
Beba,Veliborka Prodanović,0
Beba,Velimir Davidović Bata Šejn,0
Beba,Veselin Veličković Vesko,0
Beba,Vesna Popac,0
Beba,Vukasin Golubovic,0
Beba,Vuksan Mitrović,0
Beba,Žaklina iz Valjeva,0
Boško Despotović,Aleksandar Simonović Djakon -  Larin muž,Aleksandar Simonović Djakon hired Bosko Despotovic to investigate if his wife is cheating on him
Boško Despotović,Arandjel Golubovic,0
Boško Despotović,Caslav Marjanovic Carli,0
Boško Despotović,Djilda,They met when Djilda came to visit her boss Sultan in the hospotal.
Boško Despotović,Djurdjina Djina Golubovic,0
Boško Despotović,Djorđe Djorđević Djorđino,0
Boško Despotović,Djordje Kaludjerović - kurir Djoka,0
Boško Despotović,Djura Nedeljković Sultan,They shared a bed in the hospital.
Boško Despotović,Feđa Zečević,0
Boško Despotović,Lara Simonović,0
Boško Despotović,Ljubičica Mitrović,0
Boško Despotović,Lola Golubovic,0
Boško Despotović,Lolina majka Dobrinka Marjanović,0
Boško Despotović,Marijana Kolaković,They are coworkers. Marijana is Bosko's secretary.
Boško Despotović,Nebojsa Neca Golubovic,0
Boško Despotović,Radojica Kuca,0
Boško Despotović,Batler Sofronije,0
Boško Despotović,Prcko -  Ostojićev sin,0
Boško Despotović,Pukovnik Dobrivoje Stokić -  pravi Simin vlasnik,0
Boško Despotović,Radojica Ilić,0
Boško Despotović,Ristana Golubovic Riska,0
Boško Despotović,Savka Lopčević Ilić,0
Boško Despotović,Sima,0
Boško Despotović,Srećko Šljivić,0
Boško Despotović,Stojiljko Stojiljković Rambo,Bosko is Ramob's boss.
Boško Despotović,Tiosav Marjanovic Garac,0
Boško Despotović,Velimir Davidović Bata Šejn,0
Boško Despotović,Vukasin Golubovic,They men when Vukasin came to Bosko's agency to look for a job. Later Vukasin took over the agency while Bosko was in the hospital.
Boško Despotović,Vuksan Mitrović,0
Boško Despotović,Žaklina iz Valjeva,0
Božidarka Popara,Lolina majka Dobrinka Marjanović,0
Božidarka Popara,Radojica Kuca,0
Božidarka Popara,Srećko Šljivić,0
Božidarka Popara,Vesna Popac,0
Cana Vasiljević Cana Fontana,Aleksandar Simonović Djakon -  Larin muž,0
Cana Vasiljević Cana Fontana,Antonija Miloradović,0
Cana Vasiljević Cana Fontana,Arandjel Golubovic,0
Cana Vasiljević Cana Fontana,Boško Despotović,0
Cana Vasiljević Cana Fontana,Caslav Marjanovic Carli,0
Cana Vasiljević Cana Fontana,Djilda,0
Cana Vasiljević Cana Fontana,Djurdjina Djina Golubovic,0
Cana Vasiljević Cana Fontana,Djorđe Djorđević Djorđino,0
Cana Vasiljević Cana Fontana,Djordje Kaludjerović - kurir Djoka,0
Cana Vasiljević Cana Fontana,dr Goran Popac,0
Cana Vasiljević Cana Fontana,Djura Nedeljković Sultan,0
Cana Vasiljević Cana Fontana,Feđa Zečević,0
Cana Vasiljević Cana Fontana,Ilija Pandurović,They are neighbors.
Cana Vasiljević Cana Fontana,Jovanka Soldatović,0
Cana Vasiljević Cana Fontana,Katarina Keti Babović,0
Cana Vasiljević Cana Fontana,Lara Simonović,0
Cana Vasiljević Cana Fontana,Ljubičica Mitrović,0
Cana Vasiljević Cana Fontana,Lola Golubovic,0
Cana Vasiljević Cana Fontana,Lolina majka Dobrinka Marjanović,0
Cana Vasiljević Cana Fontana,Marijana Kolaković,0
Cana Vasiljević Cana Fontana,Marina Popac,0
Cana Vasiljević Cana Fontana,Nebojsa Neca Golubovic,0
Cana Vasiljević Cana Fontana,Ozren Soldatović,0
Cana Vasiljević Cana Fontana,Ozrenka Soldatović,0
Cana Vasiljević Cana Fontana,Radojica Kuca,Cana and Radojica Kuca are lovers.
Cana Vasiljević Cana Fontana,Batler Sofronije,0
Cana Vasiljević Cana Fontana,Prcko -  Ostojićev sin,0
Cana Vasiljević Cana Fontana,Pukovnik Dobrivoje Stokić -  pravi Simin vlasnik,0
Cana Vasiljević Cana Fontana,Radojica Ilić,Cana used to work for Radojica ilic.
Cana Vasiljević Cana Fontana,Ristana Golubovic Riska,0
Cana Vasiljević Cana Fontana,Savka Lopčević Ilić,Cana used to work for Savka.
Cana Vasiljević Cana Fontana,Sima,Cana met Sima in their yard.
Cana Vasiljević Cana Fontana,Srećko Šljivić,0
Cana Vasiljević Cana Fontana,Stojiljko Stojiljković Rambo,0
Cana Vasiljević Cana Fontana,Tiosav Marjanovic Garac,Cana met Garac when he came with Ilija to visit.
Cana Vasiljević Cana Fontana,Velimir Davidović Bata Šejn,0
Cana Vasiljević Cana Fontana,Veselin Veličković Vesko,0
Cana Vasiljević Cana Fontana,Vesna Popac,0
Cana Vasiljević Cana Fontana,Vukasin Golubovic,0
Cana Vasiljević Cana Fontana,Vuksan Mitrović,0
Cana Vasiljević Cana Fontana,Žaklina iz Valjeva,Cana hooked up with Zaklina's husband Radojica Kuca.
Caslav Marjanovic Carli,Nebojsa Neca Golubovic,Caslav is Nebojsa's uncle - his mom's brother.
Djilda,Arandjel Golubovic,0
Djilda,Caslav Marjanovic Carli,0
Djilda,Djurdjina Djina Golubovic,0
Djilda,Djordje Kaludjerović - kurir Djoka,Dilda and kurir Djoka are co-workers.
Djilda,Feđa Zečević,0
Djilda,Ljubičica Mitrović,Djilda and Ljubicica are coworkers.
Djilda,Lola Golubovic,Djilda and Lola are co-workers.
Djilda,Lolina majka Dobrinka Marjanović,0
Djilda,Nebojsa Neca Golubovic,0
Djilda,Radojica Kuca,0
Djilda,Prcko -  Ostojićev sin,0
Djilda,Pukovnik Dobrivoje Stokić -  pravi Simin vlasnik,0
Djilda,Ristana Golubovic Riska,0
Djilda,Sima,0
Djilda,Stojiljko Stojiljković Rambo,Djilda and Rambo are lovers. She is pregnant with his child.
Djilda,Tiosav Marjanovic Garac,0
Djilda,Vukasin Golubovic,0
Djilda,Vuksan Mitrović,0
Djilda,Žaklina iz Valjeva,0
Direktor Paligorić,Aleksandar Simonović Djakon -  Larin muž,0
Direktor Paligorić,Antonija Miloradović,0
Direktor Paligorić,Arandjel Golubovic,0
Direktor Paligorić,Boško Despotović,0
Direktor Paligorić,Cana Vasiljević Cana Fontana,0
Direktor Paligorić,Caslav Marjanovic Carli,0
Direktor Paligorić,Djilda,Paligoric is Djilda's boss.
Direktor Paligorić,Djurdjina Djina Golubovic,0
Direktor Paligorić,Djorđe Djorđević Djorđino,0
Direktor Paligorić,Djordje Kaludjerović - kurir Djoka,Paligoric is Kuris Djoka's boss.
Direktor Paligorić,dr Goran Popac,0
Direktor Paligorić,Djura Nedeljković Sultan,Paligoric is Djura Nedeljkovic boss.
Direktor Paligorić,Feđa Zečević,0
Direktor Paligorić,Ilija Pandurović,0
Direktor Paligorić,Jovanka Soldatović,0
Direktor Paligorić,Katarina Keti Babović,0
Direktor Paligorić,Lara Simonović,0
Direktor Paligorić,Ljubičica Mitrović,Paligoric is Ljubicica's boss.
Direktor Paligorić,Lola Golubovic,Paligoric is Lola's boss.
Direktor Paligorić,Lolina majka Dobrinka Marjanović,0
Direktor Paligorić,Marijana Kolaković,0
Direktor Paligorić,Marina Popac,0
Direktor Paligorić,Nebojsa Neca Golubovic,0
Direktor Paligorić,Ozren Soldatović,0
Direktor Paligorić,Ozrenka Soldatović,0
Direktor Paligorić,Radojica Kuca,0
Direktor Paligorić,Batler Sofronije,0
Direktor Paligorić,Prcko -  Ostojićev sin,0
Direktor Paligorić,Pukovnik Dobrivoje Stokić -  pravi Simin vlasnik,0
Direktor Paligorić,Radojica Ilić,0
Direktor Paligorić,Ristana Golubovic Riska,0
Direktor Paligorić,Savka Lopčević Ilić,0
Direktor Paligorić,Sima,0
Direktor Paligorić,Smiljka Miljković,0
Direktor Paligorić,Srećko Šljivić,0
Direktor Paligorić,Stojiljko Stojiljković Rambo,They met when Rambo came looking for Djilda.
Direktor Paligorić,Tiosav Marjanovic Garac,0
Direktor Paligorić,Veliborka Prodanović,0
Direktor Paligorić,Velimir Davidović Bata Šejn,0
Direktor Paligorić,Veselin Veličković Vesko,0
Direktor Paligorić,Vesna Popac,0
Direktor Paligorić,Vukasin Golubovic,0
Direktor Paligorić,Vuksan Mitrović,0
Direktor Paligorić,Žaklina iz Valjeva,0
Djurdjina Djina Golubovic,Caslav Marjanovic Carli,Caslav is Djurdjina's uncle - her mom's brother.
Djurdjina Djina Golubovic,Nebojsa Neca Golubovic,Djurdjina and Nebojsa are brother and sister.
Djorđe Djorđević Djorđino,Aleksandar Simonović Djakon -  Larin muž,0
Djorđe Djorđević Djorđino,Arandjel Golubovic,0
Djorđe Djorđević Djorđino,Caslav Marjanovic Carli,0
Djorđe Djorđević Djorđino,Djilda,0
Djorđe Djorđević Djorđino,Djurdjina Djina Golubovic,Djordje met Djina at the art show and he likes her.
Djorđe Djorđević Djorđino,Djordje Kaludjerović - kurir Djoka,0
Djorđe Djorđević Djorđino,Djura Nedeljković Sultan,0
Djorđe Djorđević Djorđino,Feđa Zečević,0
Djorđe Djorđević Djorđino,Lara Simonović,Djordje met Lara at the beauty pageant.
Djorđe Djorđević Djorđino,Ljubičica Mitrović,0
Djorđe Djorđević Djorđino,Lola Golubovic,0
Djorđe Djorđević Djorđino,Lolina majka Dobrinka Marjanović,0
Djorđe Djorđević Djorđino,Nebojsa Neca Golubovic,0
Djorđe Djorđević Djorđino,Radojica Kuca,0
Djorđe Djorđević Djorđino,Batler Sofronije,0
Djorđe Djorđević Djorđino,Prcko -  Ostojićev sin,0
Djorđe Djorđević Djorđino,Pukovnik Dobrivoje Stokić -  pravi Simin vlasnik,0
Djorđe Djorđević Djorđino,Ristana Golubovic Riska,0
Djorđe Djorđević Djorđino,Sima,0
Djorđe Djorđević Djorđino,Stojiljko Stojiljković Rambo,0
Djorđe Djorđević Djorđino,Tiosav Marjanovic Garac,0
Djorđe Djorđević Djorđino,Vukasin Golubovic,0
Djorđe Djorđević Djorđino,Vuksan Mitrović,0
Djorđe Djorđević Djorđino,Žaklina iz Valjeva,0
Djordje Kaludjerović - kurir Djoka,Arandjel Golubovic,0
Djordje Kaludjerović - kurir Djoka,Caslav Marjanovic Carli,0
Djordje Kaludjerović - kurir Djoka,Djurdjina Djina Golubovic,0
Djordje Kaludjerović - kurir Djoka,Lola Golubovic,0
Djordje Kaludjerović - kurir Djoka,Nebojsa Neca Golubovic,0
Djordje Kaludjerović - kurir Djoka,Prcko -  Ostojićev sin,0
Djordje Kaludjerović - kurir Djoka,Ristana Golubovic Riska,0
Djordje Kaludjerović - kurir Djoka,Sima,0
Djordje Kaludjerović - kurir Djoka,Tiosav Marjanovic Garac,0
Djordje Kaludjerović - kurir Djoka,Vukasin Golubovic,0
dr Goran Popac,Aleksandar Simonović Djakon -  Larin muž,0
dr Goran Popac,Antonija Miloradović,Goran is married to Anotnija's daughter. 
dr Goran Popac,Arandjel Golubovic,0
dr Goran Popac,Boško Despotović,0
dr Goran Popac,Caslav Marjanovic Carli,0
dr Goran Popac,Djilda,0
dr Goran Popac,Djurdjina Djina Golubovic,Goran had an afair with Djurdjna. He was also her professor at the college.
dr Goran Popac,Djorđe Djorđević Djorđino,0
dr Goran Popac,Djordje Kaludjerović - kurir Djoka,0
dr Goran Popac,Djura Nedeljković Sultan,0
dr Goran Popac,Feđa Zečević,0
dr Goran Popac,Lara Simonović,0
dr Goran Popac,Ljubičica Mitrović,0
dr Goran Popac,Lola Golubovic,Goran met Lola when he came to their house to return Djurdjina's purse.
dr Goran Popac,Lolina majka Dobrinka Marjanović,0
dr Goran Popac,Marijana Kolaković,0
dr Goran Popac,Marina Popac,Goran and Marina are husband and wife.
dr Goran Popac,Nebojsa Neca Golubovic,0
dr Goran Popac,Radojica Kuca,0
dr Goran Popac,Batler Sofronije,0
dr Goran Popac,Prcko -  Ostojićev sin,0
dr Goran Popac,Pukovnik Dobrivoje Stokić -  pravi Simin vlasnik,0
dr Goran Popac,Radojica Ilić,0
dr Goran Popac,Ristana Golubovic Riska,Goran met Ristana when he came to their house to return Djurdjina's purse.
dr Goran Popac,Savka Lopčević Ilić,0
dr Goran Popac,Sima,0
dr Goran Popac,Srećko Šljivić,0
dr Goran Popac,Stojiljko Stojiljković Rambo,0
dr Goran Popac,Tiosav Marjanovic Garac,0
dr Goran Popac,Velimir Davidović Bata Šejn,0
dr Goran Popac,Veselin Veličković Vesko,Goran was renting a room from Veselin. Veselin is Goran's landlord.
dr Goran Popac,Vesna Popac,Goran is Vesna's father.
dr Goran Popac,Vukasin Golubovic,Goran met Vukasin when Vukasin came to look for her daughter at her new apartment. 
dr Goran Popac,Vuksan Mitrović,0
dr Goran Popac,Žaklina iz Valjeva,0
Djura Nedeljković Sultan,Arandjel Golubovic,0
Djura Nedeljković Sultan,Caslav Marjanovic Carli,0
Djura Nedeljković Sultan,Djilda,Djura is Djilda's boss.
Djura Nedeljković Sultan,Djurdjina Djina Golubovic,0
Djura Nedeljković Sultan,Djordje Kaludjerović - kurir Djoka,Djura and Djoka work together at the same company.
Djura Nedeljković Sultan,Feđa Zečević,0
Djura Nedeljković Sultan,Ljubičica Mitrović,Djura is Ljubicica's boss.
Djura Nedeljković Sultan,Lola Golubovic,Djura is Lola's boss.
Djura Nedeljković Sultan,Lolina majka Dobrinka Marjanović,0
Djura Nedeljković Sultan,Nebojsa Neca Golubovic,0
Djura Nedeljković Sultan,Radojica Kuca,0
Djura Nedeljković Sultan,Prcko -  Ostojićev sin,0
Djura Nedeljković Sultan,Pukovnik Dobrivoje Stokić -  pravi Simin vlasnik,0
Djura Nedeljković Sultan,Ristana Golubovic Riska,0
Djura Nedeljković Sultan,Sima,0
Djura Nedeljković Sultan,Stojiljko Stojiljković Rambo,Djura met Rambo when he came looking for Djilda.
Djura Nedeljković Sultan,Tiosav Marjanovic Garac,0
Djura Nedeljković Sultan,Vukasin Golubovic,0
Djura Nedeljković Sultan,Vuksan Mitrović,0
Djura Nedeljković Sultan,Žaklina iz Valjeva,0
Feđa Zečević,Arandjel Golubovic,0
Feđa Zečević,Caslav Marjanovic Carli,0
Feđa Zečević,Djurdjina Djina Golubovic,0
Feđa Zečević,Djordje Kaludjerović - kurir Djoka,0
Feđa Zečević,Lola Golubovic,0
Feđa Zečević,Lolina majka Dobrinka Marjanović,0
Feđa Zečević,Nebojsa Neca Golubovic,Neca went to him to sell a song that Mihajlo Ostojic wrote. Neca goes to school with Fedja's son.
Feđa Zečević,Radojica Kuca,0
Feđa Zečević,Prcko -  Ostojićev sin,0
Feđa Zečević,Pukovnik Dobrivoje Stokić -  pravi Simin vlasnik,0
Feđa Zečević,Ristana Golubovic Riska,0
Feđa Zečević,Sima,0
Feđa Zečević,Tiosav Marjanovic Garac,0
Feđa Zečević,Vukasin Golubovic,They met when they were fighting over Malina.
Feđa Zečević,Žaklina iz Valjeva,0
Ilija Pandurović,Aleksandar Simonović Djakon -  Larin muž,0
Ilija Pandurović,Antonija Miloradović,0
Ilija Pandurović,Arandjel Golubovic,0
Ilija Pandurović,Boško Despotović,0
Ilija Pandurović,Caslav Marjanovic Carli,0
Ilija Pandurović,Djilda,0
Ilija Pandurović,Djurdjina Djina Golubovic,0
Ilija Pandurović,Djorđe Djorđević Djorđino,0
Ilija Pandurović,Djordje Kaludjerović - kurir Djoka,0
Ilija Pandurović,dr Goran Popac,0
Ilija Pandurović,Djura Nedeljković Sultan,0
Ilija Pandurović,Feđa Zečević,0
Ilija Pandurović,Jovanka Soldatović,0
Ilija Pandurović,Katarina Keti Babović,0
Ilija Pandurović,Lara Simonović,0
Ilija Pandurović,Ljubičica Mitrović,0
Ilija Pandurović,Lola Golubovic,0
Ilija Pandurović,Lolina majka Dobrinka Marjanović,0
Ilija Pandurović,Marijana Kolaković,0
Ilija Pandurović,Marina Popac,0
Ilija Pandurović,Nebojsa Neca Golubovic,0
Ilija Pandurović,Ozren Soldatović,0
Ilija Pandurović,Ozrenka Soldatović,0
Ilija Pandurović,Radojica Kuca,They met when Cana Fontana hooked up with Radojica Kuca and brought him home.
Ilija Pandurović,Batler Sofronije,0
Ilija Pandurović,Prcko -  Ostojićev sin,0
Ilija Pandurović,Pukovnik Dobrivoje Stokić -  pravi Simin vlasnik,0
Ilija Pandurović,Radojica Ilić,0
Ilija Pandurović,Ristana Golubovic Riska,0
Ilija Pandurović,Savka Lopčević Ilić,0
Ilija Pandurović,Sima,They met with Smiljka brought him to his house.
Ilija Pandurović,Srećko Šljivić,0
Ilija Pandurović,Stojiljko Stojiljković Rambo,0
Ilija Pandurović,Tiosav Marjanovic Garac,0
Ilija Pandurović,Velimir Davidović Bata Šejn,0
Ilija Pandurović,Veselin Veličković Vesko,0
Ilija Pandurović,Vesna Popac,0
Ilija Pandurović,Vukasin Golubovic,0
Ilija Pandurović,Vuksan Mitrović,0
Ilija Pandurović,Žaklina iz Valjeva,Radojica's wife -  Zaklina -  moved in Ilija's home without his permission. 
Jovanka Soldatović,Aleksandar Simonović Djakon -  Larin muž,Jovanka met Aleksandar when he came to her son's house for a business dinner.
Jovanka Soldatović,Antonija Miloradović,Jovanka met Antonija when Antonija came with doctors to check Jovankas legs.
Jovanka Soldatović,Arandjel Golubovic,0
Jovanka Soldatović,Boško Despotović,0
Jovanka Soldatović,Caslav Marjanovic Carli,They met when Caslav came to Jovanka's son home for dinner.
Jovanka Soldatović,Djilda,0
Jovanka Soldatović,Djurdjina Djina Golubovic,0
Jovanka Soldatović,Djorđe Djorđević Djorđino,0
Jovanka Soldatović,Djordje Kaludjerović - kurir Djoka,0
Jovanka Soldatović,dr Goran Popac,0
Jovanka Soldatović,Djura Nedeljković Sultan,0
Jovanka Soldatović,Feđa Zečević,0
Jovanka Soldatović,Katarina Keti Babović,0
Jovanka Soldatović,Lara Simonović,They met when Caslav came to Jovanka's son home for dinner.
Jovanka Soldatović,Ljubičica Mitrović,0
Jovanka Soldatović,Lola Golubovic,0
Jovanka Soldatović,Lolina majka Dobrinka Marjanović,0
Jovanka Soldatović,Marijana Kolaković,0
Jovanka Soldatović,Marina Popac,0
Jovanka Soldatović,Nebojsa Neca Golubovic,0
Jovanka Soldatović,Radojica Kuca,0
Jovanka Soldatović,Batler Sofronije,Batler Sofronije is her son's Ozren Buttler.
Jovanka Soldatović,Prcko -  Ostojićev sin,0
Jovanka Soldatović,Pukovnik Dobrivoje Stokić -  pravi Simin vlasnik,0
Jovanka Soldatović,Radojica Ilić,0
Jovanka Soldatović,Ristana Golubovic Riska,0
Jovanka Soldatović,Savka Lopčević Ilić,0
Jovanka Soldatović,Sima,They met when guards cought Sima and Jovanka released him.
Jovanka Soldatović,Srećko Šljivić,0
Jovanka Soldatović,Stojiljko Stojiljković Rambo,0
Jovanka Soldatović,Tiosav Marjanovic Garac,0
Jovanka Soldatović,Velimir Davidović Bata Šejn,0
Jovanka Soldatović,Veselin Veličković Vesko,0
Jovanka Soldatović,Vesna Popac,0
Jovanka Soldatović,Vukasin Golubovic,0
Jovanka Soldatović,Vuksan Mitrović,0
Jovanka Soldatović,Žaklina iz Valjeva,0
Katarina Keti Babović,Aleksandar Simonović Djakon -  Larin muž,0
Katarina Keti Babović,Antonija Miloradović,0
Katarina Keti Babović,Arandjel Golubovic,Katarina Keti came to Arandjel's house for Slava.
Katarina Keti Babović,Boško Despotović,0
Katarina Keti Babović,Caslav Marjanovic Carli,Katarina and Caslav were boyfriend and girlfriend.
Katarina Keti Babović,Djilda,0
Katarina Keti Babović,Djurdjina Djina Golubovic,0
Katarina Keti Babović,Djorđe Djorđević Djorđino,0
Katarina Keti Babović,Djordje Kaludjerović - kurir Djoka,0
Katarina Keti Babović,dr Goran Popac,0
Katarina Keti Babović,Djura Nedeljković Sultan,0
Katarina Keti Babović,Feđa Zečević,0
Katarina Keti Babović,Lara Simonović,0
Katarina Keti Babović,Ljubičica Mitrović,0
Katarina Keti Babović,Lola Golubovic,They met when Katarina came to their Slava.
Katarina Keti Babović,Lolina majka Dobrinka Marjanović,They met when Katarina came to their Slava.
Katarina Keti Babović,Marijana Kolaković,0
Katarina Keti Babović,Marina Popac,0
Katarina Keti Babović,Nebojsa Neca Golubovic,They met when Katarina came to their Slava.
Katarina Keti Babović,Radojica Kuca,0
Katarina Keti Babović,Batler Sofronije,0
Katarina Keti Babović,Prcko -  Ostojićev sin,0
Katarina Keti Babović,Pukovnik Dobrivoje Stokić -  pravi Simin vlasnik,0
Katarina Keti Babović,Radojica Ilić,Katarina was a singer at Radojica's restaurant.
Katarina Keti Babović,Ristana Golubovic Riska,They met when Katarina came to their Slava.
Katarina Keti Babović,Savka Lopčević Ilić,Katarina was a singler at her restaurant.
Katarina Keti Babović,Sima,0
Katarina Keti Babović,Srećko Šljivić,0
Katarina Keti Babović,Stojiljko Stojiljković Rambo,0
Katarina Keti Babović,Tiosav Marjanovic Garac,0
Katarina Keti Babović,Velimir Davidović Bata Šejn,They met at the beauty pageant.
Katarina Keti Babović,Veselin Veličković Vesko,0
Katarina Keti Babović,Vesna Popac,0
Katarina Keti Babović,Vukasin Golubovic,They met when Katarina came to their Slava.
Katarina Keti Babović,Vuksan Mitrović,0
Katarina Keti Babović,Žaklina iz Valjeva,0
Lara Simonović,Aleksandar Simonović Djakon -  Larin muž,Lara and Aleksandar are husband and wife.
Lara Simonović,Arandjel Golubovic,0
Lara Simonović,Caslav Marjanovic Carli,They met at the dinner party at Ozren Soldatovic house.
Lara Simonović,Djilda,0
Lara Simonović,Djurdjina Djina Golubovic,They were in the beauty pageant together.
Lara Simonović,Djordje Kaludjerović - kurir Djoka,0
Lara Simonović,Djura Nedeljković Sultan,0
Lara Simonović,Feđa Zečević,0
Lara Simonović,Ljubičica Mitrović,0
Lara Simonović,Lola Golubovic,0
Lara Simonović,Lolina majka Dobrinka Marjanović,0
Lara Simonović,Nebojsa Neca Golubovic,0
Lara Simonović,Radojica Kuca,0
Lara Simonović,Batler Sofronije,0
Lara Simonović,Prcko -  Ostojićev sin,0
Lara Simonović,Pukovnik Dobrivoje Stokić -  pravi Simin vlasnik,0
Lara Simonović,Ristana Golubovic Riska,0
Lara Simonović,Sima,0
Lara Simonović,Stojiljko Stojiljković Rambo,0
Lara Simonović,Tiosav Marjanovic Garac,0
Lara Simonović,Vukasin Golubovic,0
Lara Simonović,Vuksan Mitrović,0
Lara Simonović,Žaklina iz Valjeva,0
Ljubičica Mitrović,Arandjel Golubovic,0
Ljubičica Mitrović,Caslav Marjanovic Carli,0
Ljubičica Mitrović,Djurdjina Djina Golubovic,0
Ljubičica Mitrović,Djordje Kaludjerović - kurir Djoka,Ljubicica and kurir Djoka are co-workers.
Ljubičica Mitrović,Feđa Zečević,0
Ljubičica Mitrović,Lola Golubovic,Ljubicica and Lola are co-workers.
Ljubičica Mitrović,Lolina majka Dobrinka Marjanović,0
Ljubičica Mitrović,Nebojsa Neca Golubovic,0
Ljubičica Mitrović,Radojica Kuca,0
Ljubičica Mitrović,Prcko -  Ostojićev sin,0
Ljubičica Mitrović,Pukovnik Dobrivoje Stokić -  pravi Simin vlasnik,0
Ljubičica Mitrović,Ristana Golubovic Riska,0
Ljubičica Mitrović,Sima,0
Ljubičica Mitrović,Stojiljko Stojiljković Rambo,0
Ljubičica Mitrović,Tiosav Marjanovic Garac,0
Ljubičica Mitrović,Vukasin Golubovic,0
Ljubičica Mitrović,Vuksan Mitrović,Ljubicica and Vuksan are husband and wife.
Ljubičica Mitrović,Žaklina iz Valjeva,0
Lola Golubovic,Arandjel Golubovic,Lola is Arandjel's doughter in law. She is marriend to Arandjel's son.
Lola Golubovic,Caslav Marjanovic Carli,Lola and Caslav are brother and sister.
Lola Golubovic,Djurdjina Djina Golubovic,Lola is Djurdjina's mother.
Lola Golubovic,Nebojsa Neca Golubovic,Lola is Nebojsa's mother.
Lola Golubovic,Ristana Golubovic Riska,Lola is Ristana's doughter in law. She is marriend to Ristana's son.
Lola Golubovic,Tiosav Marjanovic Garac,Lola is Tiosav's doughter.
Lolina majka Dobrinka Marjanović,Arandjel Golubovic,Dobrinka Marjanović and Arandjel Golubovic are in laws.
Lolina majka Dobrinka Marjanović,Caslav Marjanovic Carli,Dobrinka Marjanović is Caslav's mother.
Lolina majka Dobrinka Marjanović,Djurdjina Djina Golubovic,Dobrinka Marjanović is Djurdjina's grand mother.
Lolina majka Dobrinka Marjanović,Djordje Kaludjerović - kurir Djoka,0
Lolina majka Dobrinka Marjanović,Lola Golubovic,Dobrinka Marjanovic is Lola's mom.
Lolina majka Dobrinka Marjanović,Nebojsa Neca Golubovic,Dobrinka Marjanović is Nebojsa's grand mother.
Lolina majka Dobrinka Marjanović,Prcko -  Ostojićev sin,0
Lolina majka Dobrinka Marjanović,Pukovnik Dobrivoje Stokić -  pravi Simin vlasnik,0
Lolina majka Dobrinka Marjanović,Ristana Golubovic Riska,Dobrinka Marjanović and Ristana Golubovic are in laws.
Lolina majka Dobrinka Marjanović,Sima,0
Lolina majka Dobrinka Marjanović,Tiosav Marjanovic Garac,Dobrinka Marjanović and Tiosav Marjanovic used to be married.
Lolina majka Dobrinka Marjanović,Vukasin Golubovic,Dobrinka Marjanović is Vukasin Golubovic mother in law.
Malina Vojvodić,Aleksandar Simonović Djakon -  Larin muž,0
Malina Vojvodić,Antonija Miloradović,They met when Malina came to the hospital to visit Mario Marko Del Tintoreto
Malina Vojvodić,Arandjel Golubovic,0
Malina Vojvodić,Boško Despotović,They met when Malina came to Bosko's agency.
Malina Vojvodić,Božidarka Popara,0
Malina Vojvodić,Cana Vasiljević Cana Fontana,0
Malina Vojvodić,Caslav Marjanovic Carli,0
Malina Vojvodić,Djilda,0
Malina Vojvodić,Direktor Paligorić,0
Malina Vojvodić,Djurdjina Djina Golubovic,0
Malina Vojvodić,Djorđe Djorđević Djorđino,0
Malina Vojvodić,Djordje Kaludjerović - kurir Djoka,0
Malina Vojvodić,dr Goran Popac,0
Malina Vojvodić,Djura Nedeljković Sultan,0
Malina Vojvodić,Feđa Zečević,They used to be boyfriend and girlfirend when they were young.
Malina Vojvodić,Ilija Pandurović,0
Malina Vojvodić,Jovanka Soldatović,0
Malina Vojvodić,Katarina Keti Babović,0
Malina Vojvodić,Lara Simonović,0
Malina Vojvodić,Ljubičica Mitrović,0
Malina Vojvodić,Lola Golubovic,They met when Malina came to Lola's workplace to file some documents.
Malina Vojvodić,Lolina majka Dobrinka Marjanović,0
Malina Vojvodić,Marijana Kolaković,They met when Malina came to Bosko's agency.
Malina Vojvodić,Marina Popac,0
Malina Vojvodić,Nebojsa Neca Golubovic,0
Malina Vojvodić,Ozren Soldatović,0
Malina Vojvodić,Ozrenka Soldatović,0
Malina Vojvodić,Radojica Kuca,0
Malina Vojvodić,Batler Sofronije,0
Malina Vojvodić,Prcko -  Ostojićev sin,0
Malina Vojvodić,Pukovnik Dobrivoje Stokić -  pravi Simin vlasnik,0
Malina Vojvodić,Radojica Ilić,Malina hired Radojica to be general manager of her new restaurant.
Malina Vojvodić,Ristana Golubovic Riska,0
Malina Vojvodić,Savka Lopčević Ilić,Savka works at the restaurant owned by Malina.
Malina Vojvodić,Sima,0
Malina Vojvodić,Smiljka Miljković,0
Malina Vojvodić,Srećko Šljivić,0
Malina Vojvodić,Stojiljko Stojiljković Rambo,0
Malina Vojvodić,Tiosav Marjanovic Garac,0
Malina Vojvodić,Veliborka Prodanović,0
Malina Vojvodić,Velimir Davidović Bata Šejn,0
Malina Vojvodić,Veselin Veličković Vesko,0
Malina Vojvodić,Vesna Popac,0
Malina Vojvodić,Vukasin Golubovic,Malina hired Vukasin to be her body guard but he fell in love with her.
Malina Vojvodić,Vuksan Mitrović,0
Malina Vojvodić,Zagorka Zaza Patrnožić,0
Malina Vojvodić,Žaklina iz Valjeva,0
Malina Vojvodić,Žarko Popara,0
Marijana Kolaković,Aleksandar Simonović Djakon -  Larin muž,They met when Aleksandar came to Bosko's agency.
Marijana Kolaković,Arandjel Golubovic,0
Marijana Kolaković,Caslav Marjanovic Carli,They used to work together.
Marijana Kolaković,Djilda,0
Marijana Kolaković,Djurdjina Djina Golubovic,0
Marijana Kolaković,Djorđe Djorđević Djorđino,0
Marijana Kolaković,Djordje Kaludjerović - kurir Djoka,0
Marijana Kolaković,Djura Nedeljković Sultan,0
Marijana Kolaković,Feđa Zečević,0
Marijana Kolaković,Lara Simonović,0
Marijana Kolaković,Ljubičica Mitrović,0
Marijana Kolaković,Lola Golubovic,0
Marijana Kolaković,Lolina majka Dobrinka Marjanović,0
Marijana Kolaković,Nebojsa Neca Golubovic,0
Marijana Kolaković,Radojica Kuca,0
Marijana Kolaković,Batler Sofronije,0
Marijana Kolaković,Prcko -  Ostojićev sin,0
Marijana Kolaković,Pukovnik Dobrivoje Stokić -  pravi Simin vlasnik,0
Marijana Kolaković,Radojica Ilić,0
Marijana Kolaković,Ristana Golubovic Riska,0
Marijana Kolaković,Savka Lopčević Ilić,0
Marijana Kolaković,Sima,0
Marijana Kolaković,Srećko Šljivić,0
Marijana Kolaković,Stojiljko Stojiljković Rambo,They used to work together.
Marijana Kolaković,Tiosav Marjanovic Garac,0
Marijana Kolaković,Velimir Davidović Bata Šejn,0
Marijana Kolaković,Vukasin Golubovic,Vukasin was a manager at the agency for a while and Marijana was his secretary.
Marijana Kolaković,Vuksan Mitrović,0
Marijana Kolaković,Žaklina iz Valjeva,0
Marina Popac,Aleksandar Simonović Djakon -  Larin muž,0
Marina Popac,Antonija Miloradović,Marina is Antonija's daughter.
Marina Popac,Arandjel Golubovic,0
Marina Popac,Boško Despotović,0
Marina Popac,Caslav Marjanovic Carli,0
Marina Popac,Djilda,0
Marina Popac,Djurdjina Djina Golubovic,Marina met Djurdjina at the college and she doesn't like her because her husband is having an affair with Djurdjina.
Marina Popac,Djorđe Djorđević Djorđino,0
Marina Popac,Djordje Kaludjerović - kurir Djoka,0
Marina Popac,Djura Nedeljković Sultan,0
Marina Popac,Feđa Zečević,0
Marina Popac,Lara Simonović,0
Marina Popac,Ljubičica Mitrović,0
Marina Popac,Lola Golubovic,0
Marina Popac,Lolina majka Dobrinka Marjanović,0
Marina Popac,Marijana Kolaković,0
Marina Popac,Nebojsa Neca Golubovic,Marina met Neca when he came to their home to play with Vesna.
Marina Popac,Radojica Kuca,0
Marina Popac,Batler Sofronije,0
Marina Popac,Prcko -  Ostojićev sin,0
Marina Popac,Pukovnik Dobrivoje Stokić -  pravi Simin vlasnik,0
Marina Popac,Radojica Ilić,0
Marina Popac,Ristana Golubovic Riska,0
Marina Popac,Savka Lopčević Ilić,0
Marina Popac,Sima,0
Marina Popac,Srećko Šljivić,0
Marina Popac,Stojiljko Stojiljković Rambo,0
Marina Popac,Tiosav Marjanovic Garac,0
Marina Popac,Velimir Davidović Bata Šejn,0
Marina Popac,Veselin Veličković Vesko,Marina met Veselin when she came to see where her husband is living.
Marina Popac,Vesna Popac,Marina is Vesna's mom.
Marina Popac,Vukasin Golubovic,0
Marina Popac,Vuksan Mitrović,0
Marina Popac,Žaklina iz Valjeva,0
Marinko Bidžić/Konte Mario Marko del Tintoreto,Aleksandar Simonović Djakon -  Larin muž,0
Marinko Bidžić/Konte Mario Marko del Tintoreto,Antonija Miloradović,Marinko was in the hospital and Antonije was his head nurse. Later he was scamming her for money because Anotnija fell in love with him.
Marinko Bidžić/Konte Mario Marko del Tintoreto,Arandjel Golubovic,0
Marinko Bidžić/Konte Mario Marko del Tintoreto,Boško Despotović,Marinko came to the agency owned by Bosko to hire him to investigate Vukasin Golubovic.
Marinko Bidžić/Konte Mario Marko del Tintoreto,Božidarka Popara,0
Marinko Bidžić/Konte Mario Marko del Tintoreto,Cana Vasiljević Cana Fontana,He spent a night with her.
Marinko Bidžić/Konte Mario Marko del Tintoreto,Caslav Marjanovic Carli,0
Marinko Bidžić/Konte Mario Marko del Tintoreto,Djilda,0
Marinko Bidžić/Konte Mario Marko del Tintoreto,Direktor Paligorić,0
Marinko Bidžić/Konte Mario Marko del Tintoreto,Djurdjina Djina Golubovic,Marinko was in the hospital where Djurdjina was a nurse. 
Marinko Bidžić/Konte Mario Marko del Tintoreto,Djorđe Djorđević Djorđino,0
Marinko Bidžić/Konte Mario Marko del Tintoreto,Djordje Kaludjerović - kurir Djoka,0
Marinko Bidžić/Konte Mario Marko del Tintoreto,dr Goran Popac,0
Marinko Bidžić/Konte Mario Marko del Tintoreto,Djura Nedeljković Sultan,0
Marinko Bidžić/Konte Mario Marko del Tintoreto,Feđa Zečević,0
Marinko Bidžić/Konte Mario Marko del Tintoreto,Ilija Pandurović,"He met him at the ""Ranc Prkletih"" estate when he spent a night with Cana Fontana."
Marinko Bidžić/Konte Mario Marko del Tintoreto,Jovanka Soldatović,0
Marinko Bidžić/Konte Mario Marko del Tintoreto,Katarina Keti Babović,0
Marinko Bidžić/Konte Mario Marko del Tintoreto,Lara Simonović,0
Marinko Bidžić/Konte Mario Marko del Tintoreto,Ljubičica Mitrović,0
Marinko Bidžić/Konte Mario Marko del Tintoreto,Lola Golubovic,0
Marinko Bidžić/Konte Mario Marko del Tintoreto,Lolina majka Dobrinka Marjanović,0
Marinko Bidžić/Konte Mario Marko del Tintoreto,Malina Vojvodić,Marinko and Malina used to be together in Italy.
Marinko Bidžić/Konte Mario Marko del Tintoreto,Marijana Kolaković,They met when Marinko came to the agency where Marijana was a secretary.
Marinko Bidžić/Konte Mario Marko del Tintoreto,Marina Popac,Marinko and Marina met when Marinko came to their house with her mom to eat dinner. 
Marinko Bidžić/Konte Mario Marko del Tintoreto,Milun Lune Šćekić,0
Marinko Bidžić/Konte Mario Marko del Tintoreto,Natalija Šćekić,0
Marinko Bidžić/Konte Mario Marko del Tintoreto,Nebojsa Neca Golubovic,0
Marinko Bidžić/Konte Mario Marko del Tintoreto,Ozren Soldatović,They met at Ozren's house.
Marinko Bidžić/Konte Mario Marko del Tintoreto,Ozrenka Soldatović,They met at Ozren's house.
Marinko Bidžić/Konte Mario Marko del Tintoreto,Radojica Kuca,0
Marinko Bidžić/Konte Mario Marko del Tintoreto,Batler Sofronije,They met at Ozren's house.
Marinko Bidžić/Konte Mario Marko del Tintoreto,Prcko -  Ostojićev sin,0
Marinko Bidžić/Konte Mario Marko del Tintoreto,Pukovnik Dobrivoje Stokić -  pravi Simin vlasnik,0
Marinko Bidžić/Konte Mario Marko del Tintoreto,Radojica Ilić,0
Marinko Bidžić/Konte Mario Marko del Tintoreto,Ristana Golubovic Riska,0
Marinko Bidžić/Konte Mario Marko del Tintoreto,Savka Lopčević Ilić,0
Marinko Bidžić/Konte Mario Marko del Tintoreto,Sima,0
Marinko Bidžić/Konte Mario Marko del Tintoreto,Smiljka Miljković,"He met her at the ""Ranc Prokletih"" estate when he spent a night with Cana Fontana."
Marinko Bidžić/Konte Mario Marko del Tintoreto,Srećko Šljivić,0
Marinko Bidžić/Konte Mario Marko del Tintoreto,Stojiljko Stojiljković Rambo,0
Marinko Bidžić/Konte Mario Marko del Tintoreto,Tiosav Marjanovic Garac,0
Marinko Bidžić/Konte Mario Marko del Tintoreto,Veliborka Prodanović,"He met her at the ""Ranc Prokletih"" estate when he spent a night with Cana Fontana."
Marinko Bidžić/Konte Mario Marko del Tintoreto,Velimir Davidović Bata Šejn,Marinko was staying at the hotel when Velimir is a manager. 
Marinko Bidžić/Konte Mario Marko del Tintoreto,Veselin Veličković Vesko,0
Marinko Bidžić/Konte Mario Marko del Tintoreto,Vesna Popac,Marinko met Vesna when he came to her house for dinner.
Marinko Bidžić/Konte Mario Marko del Tintoreto,Vukasin Golubovic,0
Marinko Bidžić/Konte Mario Marko del Tintoreto,Vuksan Mitrović,0
Marinko Bidžić/Konte Mario Marko del Tintoreto,Zagorka Zaza Patrnožić,0
Marinko Bidžić/Konte Mario Marko del Tintoreto,Žaklina iz Valjeva,0
Marinko Bidžić/Konte Mario Marko del Tintoreto,Žarko Popara,0
Mihajlo Ostojić,Aleksandar Simonović Djakon -  Larin muž,0
Mihajlo Ostojić,Antonija Miloradović,0
Mihajlo Ostojić,Arandjel Golubovic,Arandjel and Mihajlo live in the same house. They are neighbors. They are suing each other. They fight all the time. They used to be friend. Mihajlo is not happy the way Arandjel built the house.
Mihajlo Ostojić,Boško Despotović,0
Mihajlo Ostojić,Božidarka Popara,0
Mihajlo Ostojić,Cana Vasiljević Cana Fontana,0
Mihajlo Ostojić,Caslav Marjanovic Carli,Mihajlo and Caslav met at Arandjel's slava.
Mihajlo Ostojić,Djilda,0
Mihajlo Ostojić,Direktor Paligorić,0
Mihajlo Ostojić,Djurdjina Djina Golubovic,Djurdjina and Mihajlo live in the same house. They are neighbors.
Mihajlo Ostojić,Djorđe Djorđević Djorđino,0
Mihajlo Ostojić,Djordje Kaludjerović - kurir Djoka,0
Mihajlo Ostojić,dr Goran Popac,0
Mihajlo Ostojić,Djura Nedeljković Sultan,0
Mihajlo Ostojić,Feđa Zečević,0
Mihajlo Ostojić,Ilija Pandurović,Mihajlo Ostojic saw Ilija Pandurovic coming outside the Smiljka's home.
Mihajlo Ostojić,Jovanka Soldatović,0
Mihajlo Ostojić,Katarina Keti Babović,They did not meet directly but were in the same house during Arandjel's slava.
Mihajlo Ostojić,Lara Simonović,0
Mihajlo Ostojić,Ljubičica Mitrović,0
Mihajlo Ostojić,Lola Golubovic,Lola and Mihajlo live in the same house. They are neighbors.
Mihajlo Ostojić,Lolina majka Dobrinka Marjanović,0
Mihajlo Ostojić,Malina Vojvodić,0
Mihajlo Ostojić,Marijana Kolaković,0
Mihajlo Ostojić,Marina Popac,0
Mihajlo Ostojić,Marinko Bidžić/Konte Mario Marko del Tintoreto,0
Mihajlo Ostojić,Milun Lune Šćekić,They met when Lune came to seek for Djina Golubovic. He chased him outside.
Mihajlo Ostojić,Natalija Šćekić,0
Mihajlo Ostojić,Nebojsa Neca Golubovic,Nebojsa and Mihajlo live in the same house. They are neighbors. They are friendly with each other. Mihajlo showed Nebojsa his stamp collections. He also gave him goat milk one time.
Mihajlo Ostojić,Ozren Soldatović,0
Mihajlo Ostojić,Ozrenka Soldatović,0
Mihajlo Ostojić,Radojica Kuca,0
Mihajlo Ostojić,Batler Sofronije,0
Mihajlo Ostojić,Prcko -  Ostojićev sin,Mihajlo Ostojic je Prcko's father.
Mihajlo Ostojić,Pukovnik Dobrivoje Stokić -  pravi Simin vlasnik,0
Mihajlo Ostojić,Radojica Ilić,0
Mihajlo Ostojić,Ristana Golubovic Riska,Ristana and Mihajlo live in the same house. They are neighbors. They dont like each other.
Mihajlo Ostojić,Savka Lopčević Ilić,0
Mihajlo Ostojić,Šćepan Šćekić,0
Mihajlo Ostojić,Sima,Sima pooped in Mihajlo's plants. 
Mihajlo Ostojić,Smiljka Miljković,Mihajlo Ostojic was suing Arandjel Golubovic. In the court room Smiljka was the scribe. Mihajlo also was in queue to buy milk with Smiljka. He poked her milk bag with a needle by accident. He likes her and she likes him. She came to visit him with Sima one day. Mihajlo got disapointed when he saw Ilija Pandurovic coming outside Smiljka's house. He mistakenly thought that they were together.
Mihajlo Ostojić,Srećko Šljivić,0
Mihajlo Ostojić,Stojiljko Stojiljković Rambo,0
Mihajlo Ostojić,Tiosav Marjanovic Garac,Mihajlo wants to hire Tiosav to be his expert witness in the case against Arandjel.
Mihajlo Ostojić,Veliborka Prodanović,0
Mihajlo Ostojić,Velimir Davidović Bata Šejn,0
Mihajlo Ostojić,Veselin Veličković Vesko,0
Mihajlo Ostojić,Vesna Popac,They met when it was Nebojsa's Neca Golubovic birthday. Vesna brought Neca a bird as a birthday present and Mihajlo Ostojic was there.
Mihajlo Ostojić,Vukasin Golubovic,Vukasin and Mihajlo live in the same house. They are neighbors that don't like each other.
Mihajlo Ostojić,Vuksan Mitrović,They met at the Golubovic house. Vuksan Mitrovic came to fix their fridge.
Mihajlo Ostojić,Zagorka Zaza Patrnožić,0
Mihajlo Ostojić,Žaklina iz Valjeva,0
Mihajlo Ostojić,Žarko Popara,0
Milun Lune Šćekić,Aleksandar Simonović Djakon -  Larin muž,0
Milun Lune Šćekić,Antonija Miloradović,0
Milun Lune Šćekić,Arandjel Golubovic,Milun met Arandjel when he came to his house looking for Djurdjina.
Milun Lune Šćekić,Boško Despotović,0
Milun Lune Šćekić,Božidarka Popara,0
Milun Lune Šćekić,Cana Vasiljević Cana Fontana,0
Milun Lune Šćekić,Caslav Marjanovic Carli,0
Milun Lune Šćekić,Djilda,0
Milun Lune Šćekić,Direktor Paligorić,0
Milun Lune Šćekić,Djurdjina Djina Golubovic,Milun was stocking Djurdjina and he likes her. 
Milun Lune Šćekić,Djorđe Djorđević Djorđino,0
Milun Lune Šćekić,Djordje Kaludjerović - kurir Djoka,0
Milun Lune Šćekić,dr Goran Popac,Milun had a confrontation with Goran at the college. It was about Djurdjina.
Milun Lune Šćekić,Djura Nedeljković Sultan,0
Milun Lune Šćekić,Feđa Zečević,0
Milun Lune Šćekić,Ilija Pandurović,0
Milun Lune Šćekić,Jovanka Soldatović,0
Milun Lune Šćekić,Katarina Keti Babović,0
Milun Lune Šćekić,Lara Simonović,0
Milun Lune Šćekić,Ljubičica Mitrović,0
Milun Lune Šćekić,Lola Golubovic,Milun met Lola when he came to her house looking for Djurdjina.
Milun Lune Šćekić,Lolina majka Dobrinka Marjanović,0
Milun Lune Šćekić,Malina Vojvodić,0
Milun Lune Šćekić,Marijana Kolaković,0
Milun Lune Šćekić,Marina Popac,0
Milun Lune Šćekić,Nebojsa Neca Golubovic,Milun met Neca when he came to his house looking for Djurdjina.
Milun Lune Šćekić,Ozren Soldatović,0
Milun Lune Šćekić,Ozrenka Soldatović,0
Milun Lune Šćekić,Radojica Kuca,0
Milun Lune Šćekić,Batler Sofronije,0
Milun Lune Šćekić,Prcko -  Ostojićev sin,0
Milun Lune Šćekić,Pukovnik Dobrivoje Stokić -  pravi Simin vlasnik,0
Milun Lune Šćekić,Radojica Ilić,0
Milun Lune Šćekić,Ristana Golubovic Riska,Milun met Ristana when he came to her house looking for Djurdjina.
Milun Lune Šćekić,Savka Lopčević Ilić,0
Milun Lune Šćekić,Sima,0
Milun Lune Šćekić,Smiljka Miljković,0
Milun Lune Šćekić,Srećko Šljivić,0
Milun Lune Šćekić,Stojiljko Stojiljković Rambo,0
Milun Lune Šćekić,Tiosav Marjanovic Garac,0
Milun Lune Šćekić,Veliborka Prodanović,0
Milun Lune Šćekić,Velimir Davidović Bata Šejn,0
Milun Lune Šćekić,Veselin Veličković Vesko,Milun met Veselin when he followed Djurdjina to apartment when she was checking on Veselin as a nurse.
Milun Lune Šćekić,Vesna Popac,0
Milun Lune Šćekić,Vukasin Golubovic,Milun met Vukasin when he came to his house looking for Djurdjina.
Milun Lune Šćekić,Vuksan Mitrović,0
Milun Lune Šćekić,Zagorka Zaza Patrnožić,0
Milun Lune Šćekić,Žaklina iz Valjeva,0
Milun Lune Šćekić,Žarko Popara,0
Natalija Šćekić,Aleksandar Simonović Djakon -  Larin muž,0
Natalija Šćekić,Antonija Miloradović,0
Natalija Šćekić,Arandjel Golubovic,0
Natalija Šćekić,Boško Despotović,0
Natalija Šćekić,Božidarka Popara,0
Natalija Šćekić,Cana Vasiljević Cana Fontana,0
Natalija Šćekić,Caslav Marjanovic Carli,0
Natalija Šćekić,Djilda,They are coworkers.
Natalija Šćekić,Direktor Paligorić,Natalija works in the same company as Paligoric and Paligoric is her boss.
Natalija Šćekić,Djurdjina Djina Golubovic,0
Natalija Šćekić,Djorđe Djorđević Djorđino,0
Natalija Šćekić,Djordje Kaludjerović - kurir Djoka,Natalija and Kurir Djoka are co workers.
Natalija Šćekić,dr Goran Popac,0
Natalija Šćekić,Djura Nedeljković Sultan,Djura is Natalija's boss.
Natalija Šćekić,Feđa Zečević,0
Natalija Šćekić,Ilija Pandurović,0
Natalija Šćekić,Jovanka Soldatović,0
Natalija Šćekić,Katarina Keti Babović,0
Natalija Šćekić,Lara Simonović,They met in a restaurant.
Natalija Šćekić,Ljubičica Mitrović,They are coworkers.
Natalija Šćekić,Lola Golubovic,They are coworkers.
Natalija Šćekić,Lolina majka Dobrinka Marjanović,0
Natalija Šćekić,Malina Vojvodić,0
Natalija Šćekić,Marijana Kolaković,0
Natalija Šćekić,Marina Popac,0
Natalija Šćekić,Milun Lune Šćekić,0
Natalija Šćekić,Nebojsa Neca Golubovic,0
Natalija Šćekić,Ozren Soldatović,0
Natalija Šćekić,Ozrenka Soldatović,0
Natalija Šćekić,Radojica Kuca,0
Natalija Šćekić,Batler Sofronije,0
Natalija Šćekić,Prcko -  Ostojićev sin,0
Natalija Šćekić,Pukovnik Dobrivoje Stokić -  pravi Simin vlasnik,0
Natalija Šćekić,Radojica Ilić,0
Natalija Šćekić,Ristana Golubovic Riska,0
Natalija Šćekić,Savka Lopčević Ilić,0
Natalija Šćekić,Sima,0
Natalija Šćekić,Smiljka Miljković,0
Natalija Šćekić,Srećko Šljivić,0
Natalija Šćekić,Stojiljko Stojiljković Rambo,0
Natalija Šćekić,Tiosav Marjanovic Garac,0
Natalija Šćekić,Veliborka Prodanović,0
Natalija Šćekić,Velimir Davidović Bata Šejn,They used to date when they were young.
Natalija Šćekić,Veselin Veličković Vesko,0
Natalija Šćekić,Vesna Popac,0
Natalija Šćekić,Vukasin Golubovic,0
Natalija Šćekić,Vuksan Mitrović,0
Natalija Šćekić,Zagorka Zaza Patrnožić,They met when Zagorka became a maid to her husband Scepan Scekic.
Natalija Šćekić,Žaklina iz Valjeva,0
Natalija Šćekić,Žarko Popara,0
Ozren Soldatović,Aleksandar Simonović Djakon -  Larin muž,They were doing some illegal business together.
Ozren Soldatović,Antonija Miloradović,Ozren met Antonija when she came to his house to exam his mother.
Ozren Soldatović,Arandjel Golubovic,0
Ozren Soldatović,Boško Despotović,Ozren came to Bosko's agency to hire him to find Katarina Keti Babovic.
Ozren Soldatović,Caslav Marjanovic Carli,Ozren hired Caslav to be his fortune teller and read people's thoughts. 
Ozren Soldatović,Djilda,0
Ozren Soldatović,Djurdjina Djina Golubovic,Ozren met Djurdjina at the beauty pageant.
Ozren Soldatović,Djorđe Djorđević Djorđino,Ozren met Djordje at the beauty pageant.
Ozren Soldatović,Djordje Kaludjerović - kurir Djoka,0
Ozren Soldatović,dr Goran Popac,0
Ozren Soldatović,Djura Nedeljković Sultan,0
Ozren Soldatović,Feđa Zečević,0
Ozren Soldatović,Jovanka Soldatović,Ozren is Jovanka's son.
Ozren Soldatović,Katarina Keti Babović,Ozren met Katarina when she was young and he was her sugar daddy.
Ozren Soldatović,Lara Simonović,Ozren met Lara when she came to his house with her husband for dinner.
Ozren Soldatović,Ljubičica Mitrović,0
Ozren Soldatović,Lola Golubovic,0
Ozren Soldatović,Lolina majka Dobrinka Marjanović,0
Ozren Soldatović,Marijana Kolaković,Ozren met Marijana when he came to Boskos's agency to hire them.
Ozren Soldatović,Marina Popac,0
Ozren Soldatović,Nebojsa Neca Golubovic,0
Ozren Soldatović,Ozrenka Soldatović,Ozren and Ozrenka are husband and wife.
Ozren Soldatović,Radojica Kuca,0
Ozren Soldatović,Batler Sofronije,Batler Sofronije is Ozren's buttler.
Ozren Soldatović,Prcko -  Ostojićev sin,0
Ozren Soldatović,Pukovnik Dobrivoje Stokić -  pravi Simin vlasnik,0
Ozren Soldatović,Radojica Ilić,Ozren met Radojica when he went to his restaurant to find Katarina Keti Babovic.
Ozren Soldatović,Ristana Golubovic Riska,0
Ozren Soldatović,Savka Lopčević Ilić,Ozren met Savka when he went to her restaurant to find Katarina Keti Babovic.
Ozren Soldatović,Sima,0
Ozren Soldatović,Srećko Šljivić,0
Ozren Soldatović,Stojiljko Stojiljković Rambo,Ozren met Rammo when he went to Radojica's restaurant to find Katarina Keti Babovic.
Ozren Soldatović,Tiosav Marjanovic Garac,0
Ozren Soldatović,Velimir Davidović Bata Šejn,Ozren was general sponsor at the beauty pageant where Velimis was the host.
Ozren Soldatović,Veselin Veličković Vesko,0
Ozren Soldatović,Vesna Popac,0
Ozren Soldatović,Vukasin Golubovic,0
Ozren Soldatović,Vuksan Mitrović,Ozren met Vuksan when he came to his house to fix an elevator that was stuck with his mom in it.
Ozren Soldatović,Žaklina iz Valjeva,0
Ozrenka Soldatović,Aleksandar Simonović Djakon -  Larin muž,They met at the dinner party.
Ozrenka Soldatović,Antonija Miloradović,They met when Antonija came to their house to exam Ozren's mother.
Ozrenka Soldatović,Arandjel Golubovic,0
Ozrenka Soldatović,Boško Despotović,They met when Ozrenka came to hire Bosko at his agency.
Ozrenka Soldatović,Caslav Marjanovic Carli,They met at the dinner party.
Ozrenka Soldatović,Djilda,0
Ozrenka Soldatović,Djurdjina Djina Golubovic,They met when Djurdjina came to their house asking for his beauty pageant rewards.
Ozrenka Soldatović,Djorđe Djorđević Djorđino,They met when Djordje was going to paint Ozrenka.
Ozrenka Soldatović,Djordje Kaludjerović - kurir Djoka,0
Ozrenka Soldatović,dr Goran Popac,0
Ozrenka Soldatović,Djura Nedeljković Sultan,0
Ozrenka Soldatović,Feđa Zečević,0
Ozrenka Soldatović,Jovanka Soldatović,Ozrenka iz married to Jovanka's son Ozren.
Ozrenka Soldatović,Katarina Keti Babović,They met when Katarina came to their house.
Ozrenka Soldatović,Lara Simonović,They met at the beauty pageant.
Ozrenka Soldatović,Ljubičica Mitrović,0
Ozrenka Soldatović,Lola Golubovic,0
Ozrenka Soldatović,Lolina majka Dobrinka Marjanović,0
Ozrenka Soldatović,Marijana Kolaković,They met when Ozrenka came to hire Bosko at his agency.
Ozrenka Soldatović,Marina Popac,0
Ozrenka Soldatović,Nebojsa Neca Golubovic,0
Ozrenka Soldatović,Radojica Kuca,0
Ozrenka Soldatović,Batler Sofronije,Batler Sofronije is Ozrenka's buttler.
Ozrenka Soldatović,Prcko -  Ostojićev sin,0
Ozrenka Soldatović,Pukovnik Dobrivoje Stokić -  pravi Simin vlasnik,0
Ozrenka Soldatović,Radojica Ilić,0
Ozrenka Soldatović,Ristana Golubovic Riska,0
Ozrenka Soldatović,Savka Lopčević Ilić,0
Ozrenka Soldatović,Sima,They met when Sima got into their yard.
Ozrenka Soldatović,Srećko Šljivić,0
Ozrenka Soldatović,Stojiljko Stojiljković Rambo,0
Ozrenka Soldatović,Tiosav Marjanovic Garac,0
Ozrenka Soldatović,Velimir Davidović Bata Šejn,0
Ozrenka Soldatović,Veselin Veličković Vesko,0
Ozrenka Soldatović,Vesna Popac,0
Ozrenka Soldatović,Vukasin Golubovic,0
Ozrenka Soldatović,Vuksan Mitrović,0
Ozrenka Soldatović,Žaklina iz Valjeva,0
Radojica Kuca,Arandjel Golubovic,0
Radojica Kuca,Caslav Marjanovic Carli,0
Radojica Kuca,Djurdjina Djina Golubovic,0
Radojica Kuca,Djordje Kaludjerović - kurir Djoka,0
Radojica Kuca,Lola Golubovic,0
Radojica Kuca,Lolina majka Dobrinka Marjanović,0
Radojica Kuca,Nebojsa Neca Golubovic,0
Radojica Kuca,Prcko -  Ostojićev sin,0
Radojica Kuca,Pukovnik Dobrivoje Stokić -  pravi Simin vlasnik,0
Radojica Kuca,Ristana Golubovic Riska,0
Radojica Kuca,Sima,0
Radojica Kuca,Tiosav Marjanovic Garac,They met when Tiosav came to Ilija's.
Radojica Kuca,Vukasin Golubovic,0
Radojica Kuca,Žaklina iz Valjeva,They are married.
Batler Sofronije,Arandjel Golubovic,They met when Arandjel went to Ozren's house.
Batler Sofronije,Caslav Marjanovic Carli,They met at Ozren's house.
Batler Sofronije,Djilda,0
Batler Sofronije,Djurdjina Djina Golubovic,They met at Ozren's house.
Batler Sofronije,Djordje Kaludjerović - kurir Djoka,0
Batler Sofronije,Djura Nedeljković Sultan,0
Batler Sofronije,Feđa Zečević,0
Batler Sofronije,Ljubičica Mitrović,0
Batler Sofronije,Lola Golubovic,0
Batler Sofronije,Lolina majka Dobrinka Marjanović,0
Batler Sofronije,Nebojsa Neca Golubovic,0
Batler Sofronije,Radojica Kuca,0
Batler Sofronije,Prcko -  Ostojićev sin,0
Batler Sofronije,Pukovnik Dobrivoje Stokić -  pravi Simin vlasnik,0
Batler Sofronije,Ristana Golubovic Riska,0
Batler Sofronije,Sima,They met at Ozren's house.
Batler Sofronije,Stojiljko Stojiljković Rambo,0
Batler Sofronije,Tiosav Marjanovic Garac,0
Batler Sofronije,Vukasin Golubovic,0
Batler Sofronije,Vuksan Mitrović,They met at Ozren's house.
Batler Sofronije,Žaklina iz Valjeva,0
Prcko -  Ostojićev sin,Arandjel Golubovic,Prcko met Arandjel when he was a kid. They used to live in the same house before Prcko moved to Australia.
Prcko -  Ostojićev sin,Caslav Marjanovic Carli,0
Prcko -  Ostojićev sin,Djurdjina Djina Golubovic,Prcko met Djurdjina when he returned from Australia and came to their house.
Prcko -  Ostojićev sin,Lola Golubovic,Prcko met Lola when he returned from Australia and came to their house.
Prcko -  Ostojićev sin,Nebojsa Neca Golubovic,Prcko met Nebojsa when he returned from Australia and came to their house.
Prcko -  Ostojićev sin,Ristana Golubovic Riska,Prcko met Ristana when he was a kid. They used to live in the same house before Prcko moved to Australia.
Prcko -  Ostojićev sin,Sima,Prcko met Sima when he returned from Australia.
Prcko -  Ostojićev sin,Tiosav Marjanovic Garac,0
Prcko -  Ostojićev sin,Vukasin Golubovic,Prcko met Vukasin when he returned from Australia and came to their house.
Pukovnik Dobrivoje Stokić -  pravi Simin vlasnik,Arandjel Golubovic,They met when Pukovnik Dobrivoje came to look for his dog.
Pukovnik Dobrivoje Stokić -  pravi Simin vlasnik,Caslav Marjanovic Carli,0
Pukovnik Dobrivoje Stokić -  pravi Simin vlasnik,Djurdjina Djina Golubovic,0
Pukovnik Dobrivoje Stokić -  pravi Simin vlasnik,Djordje Kaludjerović - kurir Djoka,0
Pukovnik Dobrivoje Stokić -  pravi Simin vlasnik,Lola Golubovic,They met when Pukovnik Dobrivoje came to look for his dog.
Pukovnik Dobrivoje Stokić -  pravi Simin vlasnik,Nebojsa Neca Golubovic,They met when Pukovnik Dobrivoje came to look for his dog.
Pukovnik Dobrivoje Stokić -  pravi Simin vlasnik,Prcko -  Ostojićev sin,0
Pukovnik Dobrivoje Stokić -  pravi Simin vlasnik,Ristana Golubovic Riska,They met when Pukovnik Dobrivoje came to look for his dog.
Pukovnik Dobrivoje Stokić -  pravi Simin vlasnik,Sima,Sima used to belong to Pukovnik Dobrivoje
Pukovnik Dobrivoje Stokić -  pravi Simin vlasnik,Tiosav Marjanovic Garac,0
Pukovnik Dobrivoje Stokić -  pravi Simin vlasnik,Vukasin Golubovic,They met when Pukovnik Dobrivoje came to look for his dog.
Radojica Ilić,Aleksandar Simonović Djakon -  Larin muž,0
Radojica Ilić,Arandjel Golubovic,0
Radojica Ilić,Caslav Marjanovic Carli,Caslav used to work at the restaurant owned by Radojica
Radojica Ilić,Djilda,Djlda came to the restaurant owned by Radojica.
Radojica Ilić,Djurdjina Djina Golubovic,0
Radojica Ilić,Djorđe Djorđević Djorđino,0
Radojica Ilić,Djordje Kaludjerović - kurir Djoka,0
Radojica Ilić,Djura Nedeljković Sultan,0
Radojica Ilić,Feđa Zečević,They met at the restaurant where Radojica was a general manager.
Radojica Ilić,Lara Simonović,0
Radojica Ilić,Ljubičica Mitrović,0
Radojica Ilić,Lola Golubovic,0
Radojica Ilić,Lolina majka Dobrinka Marjanović,0
Radojica Ilić,Nebojsa Neca Golubovic,0
Radojica Ilić,Radojica Kuca,0
Radojica Ilić,Batler Sofronije,0
Radojica Ilić,Prcko -  Ostojićev sin,0
Radojica Ilić,Pukovnik Dobrivoje Stokić -  pravi Simin vlasnik,0
Radojica Ilić,Ristana Golubovic Riska,0
Radojica Ilić,Savka Lopčević Ilić,Radojica ilica and Savka were husband and wife.
Radojica Ilić,Sima,0
Radojica Ilić,Stojiljko Stojiljković Rambo,Rambo used to work for Radojica - he was his bodyguard.
Radojica Ilić,Tiosav Marjanovic Garac,0
Radojica Ilić,Velimir Davidović Bata Šejn,0
Radojica Ilić,Vukasin Golubovic,Vukasin came to the restaurant owned by Radojica pretending to be a jurnalist.
Radojica Ilić,Vuksan Mitrović,0
Radojica Ilić,Žaklina iz Valjeva,0
Ristana Golubovic Riska,Caslav Marjanovic Carli,Ristana knows Caslav because his is her doughter in law's brother.
Ristana Golubovic Riska,Djurdjina Djina Golubovic,Ristana is Djurdjina's grand mother from her dad's side.
Ristana Golubovic Riska,Nebojsa Neca Golubovic,Ristana is Nebojsa's grand mother from his dad's side.
Ristana Golubovic Riska,Tiosav Marjanovic Garac,Ristana and Tiosav are in-laws.
Savka Lopčević Ilić,Aleksandar Simonović Djakon -  Larin muž,0
Savka Lopčević Ilić,Arandjel Golubovic,0
Savka Lopčević Ilić,Caslav Marjanovic Carli,Casav used to work in her restaurant.
Savka Lopčević Ilić,Djilda,0
Savka Lopčević Ilić,Djurdjina Djina Golubovic,0
Savka Lopčević Ilić,Djorđe Djorđević Djorđino,0
Savka Lopčević Ilić,Djordje Kaludjerović - kurir Djoka,0
Savka Lopčević Ilić,Djura Nedeljković Sultan,0
Savka Lopčević Ilić,Feđa Zečević,0
Savka Lopčević Ilić,Lara Simonović,0
Savka Lopčević Ilić,Ljubičica Mitrović,0
Savka Lopčević Ilić,Lola Golubovic,0
Savka Lopčević Ilić,Lolina majka Dobrinka Marjanović,0
Savka Lopčević Ilić,Nebojsa Neca Golubovic,0
Savka Lopčević Ilić,Radojica Kuca,0
Savka Lopčević Ilić,Batler Sofronije,0
Savka Lopčević Ilić,Prcko -  Ostojićev sin,0
Savka Lopčević Ilić,Pukovnik Dobrivoje Stokić -  pravi Simin vlasnik,0
Savka Lopčević Ilić,Ristana Golubovic Riska,0
Savka Lopčević Ilić,Sima,0
Savka Lopčević Ilić,Stojiljko Stojiljković Rambo,Rambo used to work for her in the restaurant.
Savka Lopčević Ilić,Tiosav Marjanovic Garac,0
Savka Lopčević Ilić,Velimir Davidović Bata Šejn,0
Savka Lopčević Ilić,Vukasin Golubovic,Savka applied for a job in restaruant that was Vukasin managing.
Savka Lopčević Ilić,Vuksan Mitrović,0
Savka Lopčević Ilić,Žaklina iz Valjeva,0
Šćepan Šćekić,Aleksandar Simonović Djakon -  Larin muž,Aleksandar hired a body guard to beat up Scepan Scekic because he thought that Lara -  his wife was having an afair with Scepan.
Šćepan Šćekić,Antonija Miloradović,0
Šćepan Šćekić,Arandjel Golubovic,0
Šćepan Šćekić,Boško Despotović,Scepan lent money to Bosko to start agency perspektiva.
Šćepan Šćekić,Božidarka Popara,0
Šćepan Šćekić,Cana Vasiljević Cana Fontana,0
Šćepan Šćekić,Caslav Marjanovic Carli,0
Šćepan Šćekić,Djilda,0
Šćepan Šćekić,Direktor Paligorić,0
Šćepan Šćekić,Djurdjina Djina Golubovic,Scepan and Durdjina met at the restaurant and she poured drink on his head because he was assertive.
Šćepan Šćekić,Djorđe Djorđević Djorđino,They met at the beauty pageant.
Šćepan Šćekić,Djordje Kaludjerović - kurir Djoka,0
Šćepan Šćekić,dr Goran Popac,0
Šćepan Šćekić,Djura Nedeljković Sultan,0
Šćepan Šćekić,Feđa Zečević,0
Šćepan Šćekić,Ilija Pandurović,0
Šćepan Šćekić,Jovanka Soldatović,0
Šćepan Šćekić,Katarina Keti Babović,They met at the beauty pageant.
Šćepan Šćekić,Lara Simonović,They met when they went to eat dinner to convince him to make his a new miss at the beauty pageant.
Šćepan Šćekić,Ljubičica Mitrović,0
Šćepan Šćekić,Lola Golubovic,0
Šćepan Šćekić,Lolina majka Dobrinka Marjanović,0
Šćepan Šćekić,Malina Vojvodić,0
Šćepan Šćekić,Marijana Kolaković,They met when he went to Bosko's office looking for him.
Šćepan Šćekić,Marina Popac,0
Šćepan Šćekić,Marinko Bidžić/Konte Mario Marko del Tintoreto,0
Šćepan Šćekić,Milun Lune Šćekić,Scepan Scekic js Milun Lune Scekic uncle (father's brother).
Šćepan Šćekić,Natalija Šćekić,Husband and wife.
Šćepan Šćekić,Nebojsa Neca Golubovic,0
Šćepan Šćekić,Ozren Soldatović,They met at the beauty pageant.
Šćepan Šćekić,Ozrenka Soldatović,0
Šćepan Šćekić,Radojica Kuca,0
Šćepan Šćekić,Batler Sofronije,0
Šćepan Šćekić,Prcko -  Ostojićev sin,0
Šćepan Šćekić,Pukovnik Dobrivoje Stokić -  pravi Simin vlasnik,0
Šćepan Šćekić,Radojica Ilić,0
Šćepan Šćekić,Ristana Golubovic Riska,0
Šćepan Šćekić,Savka Lopčević Ilić,0
Šćepan Šćekić,Sima,0
Šćepan Šćekić,Smiljka Miljković,0
Šćepan Šćekić,Srećko Šljivić,0
Šćepan Šćekić,Stojiljko Stojiljković Rambo,0
Šćepan Šćekić,Tiosav Marjanovic Garac,0
Šćepan Šćekić,Veliborka Prodanović,0
Šćepan Šćekić,Velimir Davidović Bata Šejn,They met at the beauty pageant.
Šćepan Šćekić,Veselin Veličković Vesko,0
Šćepan Šćekić,Vesna Popac,0
Šćepan Šćekić,Vukasin Golubovic,0
Šćepan Šćekić,Vuksan Mitrović,0
Šćepan Šćekić,Zagorka Zaza Patrnožić,Zaza is his maid.
Šćepan Šćekić,Žaklina iz Valjeva,0
Šćepan Šćekić,Žarko Popara,They met at the beauty pageant.
Sima,Arandjel Golubovic,They met when Vukasin brought Sima as a present for his son's birthday.
Sima,Caslav Marjanovic Carli,They met when Vukasin brought Sima as a present for his son's birthday.
Sima,Djurdjina Djina Golubovic,They met when Vukasin brought Sima as a present for his son's birthday.
Sima,Lola Golubovic,They met when Vukasin brought Sima as a present for his son's birthday.
Sima,Nebojsa Neca Golubovic,Vukasin brought Nebojsa sima as a present for his birthday.
Sima,Ristana Golubovic Riska,They met when Vukasin brought Sima as a present for his son's birthday.
Sima,Tiosav Marjanovic Garac,They met a Smiljka's house when she was taking care of sick Sima.
Sima,Vukasin Golubovic,Vukasin found Sima on the street in a park.
Smiljka Miljković,Aleksandar Simonović Djakon -  Larin muž,0
Smiljka Miljković,Antonija Miloradović,0
Smiljka Miljković,Arandjel Golubovic,Smiljka was working at the court room where Arandjel was being sued by Mihajlo Ostojic.
Smiljka Miljković,Boško Despotović,0
Smiljka Miljković,Cana Vasiljević Cana Fontana,0
Smiljka Miljković,Caslav Marjanovic Carli,0
Smiljka Miljković,Djilda,0
Smiljka Miljković,Djurdjina Djina Golubovic,0
Smiljka Miljković,Djorđe Djorđević Djorđino,0
Smiljka Miljković,Djordje Kaludjerović - kurir Djoka,0
Smiljka Miljković,dr Goran Popac,0
Smiljka Miljković,Djura Nedeljković Sultan,0
Smiljka Miljković,Feđa Zečević,0
Smiljka Miljković,Ilija Pandurović,They are neighbors.
Smiljka Miljković,Jovanka Soldatović,0
Smiljka Miljković,Katarina Keti Babović,0
Smiljka Miljković,Lara Simonović,0
Smiljka Miljković,Ljubičica Mitrović,0
Smiljka Miljković,Lola Golubovic,They met when Smiljka came to visit Mihajlo Ostojic.
Smiljka Miljković,Lolina majka Dobrinka Marjanović,0
Smiljka Miljković,Marijana Kolaković,0
Smiljka Miljković,Marina Popac,0
Smiljka Miljković,Nebojsa Neca Golubovic,They met on the street when Neca was helping her corss the street.
Smiljka Miljković,Ozren Soldatović,0
Smiljka Miljković,Ozrenka Soldatović,0
Smiljka Miljković,Radojica Kuca,0
Smiljka Miljković,Batler Sofronije,0
Smiljka Miljković,Prcko -  Ostojićev sin,0
Smiljka Miljković,Pukovnik Dobrivoje Stokić -  pravi Simin vlasnik,0
Smiljka Miljković,Radojica Ilić,0
Smiljka Miljković,Ristana Golubovic Riska,They met when Smiljka came to visit Mihajlo Ostojic.
Smiljka Miljković,Savka Lopčević Ilić,0
Smiljka Miljković,Sima,Smiljka found lost Sima on the street.
Smiljka Miljković,Srećko Šljivić,0
Smiljka Miljković,Stojiljko Stojiljković Rambo,0
Smiljka Miljković,Tiosav Marjanovic Garac,They met then Tiosav came to Ilija's house.
Smiljka Miljković,Veliborka Prodanović,They are neighbors.
Smiljka Miljković,Velimir Davidović Bata Šejn,0
Smiljka Miljković,Veselin Veličković Vesko,0
Smiljka Miljković,Vesna Popac,0
Smiljka Miljković,Vukasin Golubovic,They met when Smiljka came to visit Mihajlo Ostojic.
Smiljka Miljković,Vuksan Mitrović,0
Smiljka Miljković,Žaklina iz Valjeva,They met when Zaklina moved into Ilija's house.
Srećko Šljivić,Aleksandar Simonović Djakon -  Larin muž,0
Srećko Šljivić,Arandjel Golubovic,Srecko was Arandjel's boss.
Srećko Šljivić,Caslav Marjanovic Carli,They met in prison.
Srećko Šljivić,Djilda,0
Srećko Šljivić,Djurdjina Djina Golubovic,0
Srećko Šljivić,Djorđe Djorđević Djorđino,0
Srećko Šljivić,Djordje Kaludjerović - kurir Djoka,0
Srećko Šljivić,Djura Nedeljković Sultan,0
Srećko Šljivić,Feđa Zečević,0
Srećko Šljivić,Lara Simonović,0
Srećko Šljivić,Ljubičica Mitrović,0
Srećko Šljivić,Lola Golubovic,0
Srećko Šljivić,Lolina majka Dobrinka Marjanović,0
Srećko Šljivić,Nebojsa Neca Golubovic,0
Srećko Šljivić,Radojica Kuca,0
Srećko Šljivić,Batler Sofronije,0
Srećko Šljivić,Prcko -  Ostojićev sin,0
Srećko Šljivić,Pukovnik Dobrivoje Stokić -  pravi Simin vlasnik,0
Srećko Šljivić,Radojica Ilić,0
Srećko Šljivić,Ristana Golubovic Riska,0
Srećko Šljivić,Savka Lopčević Ilić,0
Srećko Šljivić,Sima,0
Srećko Šljivić,Stojiljko Stojiljković Rambo,0
Srećko Šljivić,Tiosav Marjanovic Garac,0
Srećko Šljivić,Velimir Davidović Bata Šejn,0
Srećko Šljivić,Vukasin Golubovic,0
Srećko Šljivić,Vuksan Mitrović,0
Srećko Šljivić,Žaklina iz Valjeva,0
Stojiljko Stojiljković Rambo,Arandjel Golubovic,0
Stojiljko Stojiljković Rambo,Caslav Marjanovic Carli,0
Stojiljko Stojiljković Rambo,Djurdjina Djina Golubovic,0
Stojiljko Stojiljković Rambo,Djordje Kaludjerović - kurir Djoka,0
Stojiljko Stojiljković Rambo,Feđa Zečević,0
Stojiljko Stojiljković Rambo,Lola Golubovic,0
Stojiljko Stojiljković Rambo,Lolina majka Dobrinka Marjanović,0
Stojiljko Stojiljković Rambo,Nebojsa Neca Golubovic,0
Stojiljko Stojiljković Rambo,Radojica Kuca,0
Stojiljko Stojiljković Rambo,Prcko -  Ostojićev sin,0
Stojiljko Stojiljković Rambo,Pukovnik Dobrivoje Stokić -  pravi Simin vlasnik,0
Stojiljko Stojiljković Rambo,Ristana Golubovic Riska,0
Stojiljko Stojiljković Rambo,Sima,0
Stojiljko Stojiljković Rambo,Tiosav Marjanovic Garac,0
Stojiljko Stojiljković Rambo,Vukasin Golubovic,0
Stojiljko Stojiljković Rambo,Žaklina iz Valjeva,0
Tiosav Marjanovic Garac,Caslav Marjanovic Carli,Tiosav is Caslav's father.
Tiosav Marjanovic Garac,Djurdjina Djina Golubovic,Tiosav is Djurdjina's grand dad from his mom side.
Tiosav Marjanovic Garac,Nebojsa Neca Golubovic,Tiosav is Nebojsa's grand dad from his mom side.
Veliborka Prodanović,Aleksandar Simonović Djakon -  Larin muž,0
Veliborka Prodanović,Antonija Miloradović,0
Veliborka Prodanović,Arandjel Golubovic,0
Veliborka Prodanović,Boško Despotović,0
Veliborka Prodanović,Cana Vasiljević Cana Fontana,They are neighbors.
Veliborka Prodanović,Caslav Marjanovic Carli,0
Veliborka Prodanović,Djilda,0
Veliborka Prodanović,Djurdjina Djina Golubovic,0
Veliborka Prodanović,Djorđe Djorđević Djorđino,0
Veliborka Prodanović,Djordje Kaludjerović - kurir Djoka,0
Veliborka Prodanović,dr Goran Popac,0
Veliborka Prodanović,Djura Nedeljković Sultan,0
Veliborka Prodanović,Feđa Zečević,0
Veliborka Prodanović,Ilija Pandurović,They are neighbors.
Veliborka Prodanović,Jovanka Soldatović,0
Veliborka Prodanović,Katarina Keti Babović,0
Veliborka Prodanović,Lara Simonović,0
Veliborka Prodanović,Ljubičica Mitrović,0
Veliborka Prodanović,Lola Golubovic,0
Veliborka Prodanović,Lolina majka Dobrinka Marjanović,0
Veliborka Prodanović,Marijana Kolaković,0
Veliborka Prodanović,Marina Popac,0
Veliborka Prodanović,Nebojsa Neca Golubovic,0
Veliborka Prodanović,Ozren Soldatović,0
Veliborka Prodanović,Ozrenka Soldatović,0
Veliborka Prodanović,Radojica Kuca,They are neighbors.
Veliborka Prodanović,Batler Sofronije,0
Veliborka Prodanović,Prcko -  Ostojićev sin,0
Veliborka Prodanović,Pukovnik Dobrivoje Stokić -  pravi Simin vlasnik,0
Veliborka Prodanović,Radojica Ilić,0
Veliborka Prodanović,Ristana Golubovic Riska,0
Veliborka Prodanović,Savka Lopčević Ilić,0
Veliborka Prodanović,Sima,They met when Smiljka brought him home.
Veliborka Prodanović,Srećko Šljivić,0
Veliborka Prodanović,Stojiljko Stojiljković Rambo,0
Veliborka Prodanović,Tiosav Marjanovic Garac,They met then Tiosav came to Ilija's house.
Veliborka Prodanović,Velimir Davidović Bata Šejn,0
Veliborka Prodanović,Veselin Veličković Vesko,0
Veliborka Prodanović,Vesna Popac,0
Veliborka Prodanović,Vukasin Golubovic,0
Veliborka Prodanović,Vuksan Mitrović,0
Veliborka Prodanović,Žaklina iz Valjeva,They met when Zaklina moved into Ilija's house.
Velimir Davidović Bata Šejn,Aleksandar Simonović Djakon -  Larin muž,0
Velimir Davidović Bata Šejn,Arandjel Golubovic,0
Velimir Davidović Bata Šejn,Caslav Marjanovic Carli,0
Velimir Davidović Bata Šejn,Djilda,0
Velimir Davidović Bata Šejn,Djurdjina Djina Golubovic,They met at the beauty pageant.
Velimir Davidović Bata Šejn,Djorđe Djorđević Djorđino,They met at the beauty pageant.
Velimir Davidović Bata Šejn,Djordje Kaludjerović - kurir Djoka,0
Velimir Davidović Bata Šejn,Djura Nedeljković Sultan,0
Velimir Davidović Bata Šejn,Feđa Zečević,0
Velimir Davidović Bata Šejn,Lara Simonović,They met at the beauty pageant.
Velimir Davidović Bata Šejn,Ljubičica Mitrović,0
Velimir Davidović Bata Šejn,Lola Golubovic,0
Velimir Davidović Bata Šejn,Lolina majka Dobrinka Marjanović,0
Velimir Davidović Bata Šejn,Nebojsa Neca Golubovic,0
Velimir Davidović Bata Šejn,Radojica Kuca,0
Velimir Davidović Bata Šejn,Batler Sofronije,0
Velimir Davidović Bata Šejn,Prcko -  Ostojićev sin,0
Velimir Davidović Bata Šejn,Pukovnik Dobrivoje Stokić -  pravi Simin vlasnik,0
Velimir Davidović Bata Šejn,Ristana Golubovic Riska,0
Velimir Davidović Bata Šejn,Sima,0
Velimir Davidović Bata Šejn,Stojiljko Stojiljković Rambo,0
Velimir Davidović Bata Šejn,Tiosav Marjanovic Garac,0
Velimir Davidović Bata Šejn,Vukasin Golubovic,0
Velimir Davidović Bata Šejn,Vuksan Mitrović,0
Velimir Davidović Bata Šejn,Žaklina iz Valjeva,0
Veselin Veličković Vesko,Aleksandar Simonović Djakon -  Larin muž,0
Veselin Veličković Vesko,Arandjel Golubovic,0
Veselin Veličković Vesko,Boško Despotović,0
Veselin Veličković Vesko,Caslav Marjanovic Carli,0
Veselin Veličković Vesko,Djilda,0
Veselin Veličković Vesko,Djurdjina Djina Golubovic,They met when Djurdjina came to Vaselin's house to give him a shot.
Veselin Veličković Vesko,Djorđe Djorđević Djorđino,0
Veselin Veličković Vesko,Djordje Kaludjerović - kurir Djoka,0
Veselin Veličković Vesko,Djura Nedeljković Sultan,0
Veselin Veličković Vesko,Feđa Zečević,0
Veselin Veličković Vesko,Lara Simonović,0
Veselin Veličković Vesko,Ljubičica Mitrović,0
Veselin Veličković Vesko,Lola Golubovic,0
Veselin Veličković Vesko,Lolina majka Dobrinka Marjanović,They are neighbors.
Veselin Veličković Vesko,Marijana Kolaković,0
Veselin Veličković Vesko,Nebojsa Neca Golubovic,0
Veselin Veličković Vesko,Radojica Kuca,0
Veselin Veličković Vesko,Batler Sofronije,0
Veselin Veličković Vesko,Prcko -  Ostojićev sin,0
Veselin Veličković Vesko,Pukovnik Dobrivoje Stokić -  pravi Simin vlasnik,0
Veselin Veličković Vesko,Radojica Ilić,0
Veselin Veličković Vesko,Ristana Golubovic Riska,0
Veselin Veličković Vesko,Savka Lopčević Ilić,0
Veselin Veličković Vesko,Sima,0
Veselin Veličković Vesko,Srećko Šljivić,0
Veselin Veličković Vesko,Stojiljko Stojiljković Rambo,0
Veselin Veličković Vesko,Tiosav Marjanovic Garac,0
Veselin Veličković Vesko,Velimir Davidović Bata Šejn,0
Veselin Veličković Vesko,Vukasin Golubovic,They met when Vukasin came looking for his doughter at Veselin's house.
Veselin Veličković Vesko,Vuksan Mitrović,0
Veselin Veličković Vesko,Žaklina iz Valjeva,0
Vesna Popac,Aleksandar Simonović Djakon -  Larin muž,0
Vesna Popac,Arandjel Golubovic,They met when Vesna came for Nebojsa's birthday party.
Vesna Popac,Boško Despotović,0
Vesna Popac,Caslav Marjanovic Carli,They met when Vesna came for Nebojsa's birthday party.
Vesna Popac,Djilda,0
Vesna Popac,Djurdjina Djina Golubovic,They met when Vesna came for Nebojsa's birthday party.
Vesna Popac,Djorđe Djorđević Djorđino,0
Vesna Popac,Djordje Kaludjerović - kurir Djoka,0
Vesna Popac,Djura Nedeljković Sultan,0
Vesna Popac,Feđa Zečević,0
Vesna Popac,Lara Simonović,0
Vesna Popac,Ljubičica Mitrović,0
Vesna Popac,Lola Golubovic,They met when Vesna came for Nebojsa's birthday party.
Vesna Popac,Lolina majka Dobrinka Marjanović,0
Vesna Popac,Marijana Kolaković,0
Vesna Popac,Nebojsa Neca Golubovic,They are friends from school.
Vesna Popac,Radojica Kuca,0
Vesna Popac,Batler Sofronije,0
Vesna Popac,Prcko -  Ostojićev sin,0
Vesna Popac,Pukovnik Dobrivoje Stokić -  pravi Simin vlasnik,0
Vesna Popac,Radojica Ilić,0
Vesna Popac,Ristana Golubovic Riska,They met when Vesna came for Nebojsa's birthday party.
Vesna Popac,Savka Lopčević Ilić,0
Vesna Popac,Sima,They met when Vesna came for Nebojsa's birthday party.
Vesna Popac,Srećko Šljivić,0
Vesna Popac,Stojiljko Stojiljković Rambo,0
Vesna Popac,Tiosav Marjanovic Garac,0
Vesna Popac,Velimir Davidović Bata Šejn,0
Vesna Popac,Veselin Veličković Vesko,0
Vesna Popac,Vukasin Golubovic,They met when Vesna came for Nebojsa's birthday party.
Vesna Popac,Vuksan Mitrović,0
Vesna Popac,Žaklina iz Valjeva,0
Vukasin Golubovic,Arandjel Golubovic,Vukasin is Arandje's son.
Vukasin Golubovic,Caslav Marjanovic Carli,Vukasin is married to Caslav's sister - Lola.
Vukasin Golubovic,Djurdjina Djina Golubovic,Vukasin is Djurdjina's father.
Vukasin Golubovic,Lola Golubovic,Vukasin and Lola are husband and wife.
Vukasin Golubovic,Nebojsa Neca Golubovic,Vukasin is Nebojsa's father.
Vukasin Golubovic,Ristana Golubovic Riska,Vukasin is Ristana's son.
Vukasin Golubovic,Tiosav Marjanovic Garac,Vukasin is married to Tiosav's daughter.
Vuksan Mitrović,Arandjel Golubovic,They me when Vuksan came to fix Arandje's freezer.
Vuksan Mitrović,Caslav Marjanovic Carli,0
Vuksan Mitrović,Djurdjina Djina Golubovic,0
Vuksan Mitrović,Djordje Kaludjerović - kurir Djoka,0
Vuksan Mitrović,Feđa Zečević,0
Vuksan Mitrović,Lola Golubovic,0
Vuksan Mitrović,Lolina majka Dobrinka Marjanović,0
Vuksan Mitrović,Nebojsa Neca Golubovic,They me when Vuksan came to fix Arandje's freezer.
Vuksan Mitrović,Radojica Kuca,0
Vuksan Mitrović,Prcko -  Ostojićev sin,0
Vuksan Mitrović,Pukovnik Dobrivoje Stokić -  pravi Simin vlasnik,0
Vuksan Mitrović,Ristana Golubovic Riska,They me when Vuksan came to fix Arandje's freezer.
Vuksan Mitrović,Sima,0
Vuksan Mitrović,Stojiljko Stojiljković Rambo,0
Vuksan Mitrović,Tiosav Marjanovic Garac,0
Vuksan Mitrović,Vukasin Golubovic,0
Vuksan Mitrović,Žaklina iz Valjeva,0
Zagorka Zaza Patrnožić,Aleksandar Simonović Djakon -  Larin muž,0
Zagorka Zaza Patrnožić,Antonija Miloradović,0
Zagorka Zaza Patrnožić,Arandjel Golubovic,0
Zagorka Zaza Patrnožić,Boško Despotović,0
Zagorka Zaza Patrnožić,Božidarka Popara,0
Zagorka Zaza Patrnožić,Cana Vasiljević Cana Fontana,0
Zagorka Zaza Patrnožić,Caslav Marjanovic Carli,0
Zagorka Zaza Patrnožić,Djilda,0
Zagorka Zaza Patrnožić,Direktor Paligorić,0
Zagorka Zaza Patrnožić,Djurdjina Djina Golubovic,0
Zagorka Zaza Patrnožić,Djorđe Djorđević Djorđino,0
Zagorka Zaza Patrnožić,Djordje Kaludjerović - kurir Djoka,0
Zagorka Zaza Patrnožić,dr Goran Popac,0
Zagorka Zaza Patrnožić,Djura Nedeljković Sultan,0
Zagorka Zaza Patrnožić,Feđa Zečević,0
Zagorka Zaza Patrnožić,Ilija Pandurović,0
Zagorka Zaza Patrnožić,Jovanka Soldatović,0
Zagorka Zaza Patrnožić,Katarina Keti Babović,0
Zagorka Zaza Patrnožić,Lara Simonović,They met when Lara came to Scepan Scekic house where Zagorka was a maid.
Zagorka Zaza Patrnožić,Ljubičica Mitrović,0
Zagorka Zaza Patrnožić,Lola Golubovic,0
Zagorka Zaza Patrnožić,Lolina majka Dobrinka Marjanović,0
Zagorka Zaza Patrnožić,Marijana Kolaković,0
Zagorka Zaza Patrnožić,Marina Popac,0
Zagorka Zaza Patrnožić,Nebojsa Neca Golubovic,0
Zagorka Zaza Patrnožić,Ozren Soldatović,0
Zagorka Zaza Patrnožić,Ozrenka Soldatović,0
Zagorka Zaza Patrnožić,Radojica Kuca,0
Zagorka Zaza Patrnožić,Batler Sofronije,0
Zagorka Zaza Patrnožić,Prcko -  Ostojićev sin,0
Zagorka Zaza Patrnožić,Pukovnik Dobrivoje Stokić -  pravi Simin vlasnik,0
Zagorka Zaza Patrnožić,Radojica Ilić,0
Zagorka Zaza Patrnožić,Ristana Golubovic Riska,0
Zagorka Zaza Patrnožić,Savka Lopčević Ilić,0
Zagorka Zaza Patrnožić,Sima,0
Zagorka Zaza Patrnožić,Smiljka Miljković,0
Zagorka Zaza Patrnožić,Srećko Šljivić,0
Zagorka Zaza Patrnožić,Stojiljko Stojiljković Rambo,0
Zagorka Zaza Patrnožić,Tiosav Marjanovic Garac,0
Zagorka Zaza Patrnožić,Veliborka Prodanović,0
Zagorka Zaza Patrnožić,Velimir Davidović Bata Šejn,0
Zagorka Zaza Patrnožić,Veselin Veličković Vesko,0
Zagorka Zaza Patrnožić,Vesna Popac,0
Zagorka Zaza Patrnožić,Vukasin Golubovic,0
Zagorka Zaza Patrnožić,Vuksan Mitrović,0
Zagorka Zaza Patrnožić,Žaklina iz Valjeva,0
Zagorka Zaza Patrnožić,Žarko Popara,0
Žaklina iz Valjeva,Arandjel Golubovic,0
Žaklina iz Valjeva,Caslav Marjanovic Carli,0
Žaklina iz Valjeva,Djurdjina Djina Golubovic,0
Žaklina iz Valjeva,Djordje Kaludjerović - kurir Djoka,0
Žaklina iz Valjeva,Lola Golubovic,0
Žaklina iz Valjeva,Lolina majka Dobrinka Marjanović,0
Žaklina iz Valjeva,Nebojsa Neca Golubovic,0
Žaklina iz Valjeva,Prcko -  Ostojićev sin,0
Žaklina iz Valjeva,Pukovnik Dobrivoje Stokić -  pravi Simin vlasnik,0
Žaklina iz Valjeva,Ristana Golubovic Riska,0
Žaklina iz Valjeva,Sima,0
Žaklina iz Valjeva,Tiosav Marjanovic Garac,They met when Zaklina moved into Ilija's house.
Žaklina iz Valjeva,Vukasin Golubovic,0
Žarko Popara,Aleksandar Simonović Djakon -  Larin muž,They met when Aleksandar came looking for his was where Zarko was her boss.
Žarko Popara,Antonija Miloradović,0
Žarko Popara,Arandjel Golubovic,0
Žarko Popara,Boško Despotović,0
Žarko Popara,Božidarka Popara,Zarko and Bozidarka are husband and wife.
Žarko Popara,Cana Vasiljević Cana Fontana,0
Žarko Popara,Caslav Marjanovic Carli,0
Žarko Popara,Djilda,0
Žarko Popara,Direktor Paligorić,They are business partners.
Žarko Popara,Djurdjina Djina Golubovic,They met at the beauty pageant.
Žarko Popara,Djorđe Djorđević Djorđino,They met at the beauty pageant.
Žarko Popara,Djordje Kaludjerović - kurir Djoka,0
Žarko Popara,dr Goran Popac,0
Žarko Popara,Djura Nedeljković Sultan,0
Žarko Popara,Feđa Zečević,0
Žarko Popara,Ilija Pandurović,They met when Ilija came looking for his money.
Žarko Popara,Jovanka Soldatović,0
Žarko Popara,Katarina Keti Babović,They met at the beauty pageant.
Žarko Popara,Lara Simonović,They met when Lara came to work for Zarko.
Žarko Popara,Ljubičica Mitrović,0
Žarko Popara,Lola Golubovic,They met at Lola's workplace.
Žarko Popara,Lolina majka Dobrinka Marjanović,0
Žarko Popara,Marijana Kolaković,They met when Zarko when to Bosko's agency.
Žarko Popara,Marina Popac,0
Žarko Popara,Nebojsa Neca Golubovic,0
Žarko Popara,Ozren Soldatović,They met at the beauty pageant.
Žarko Popara,Ozrenka Soldatović,They met at the beauty pageant.
Žarko Popara,Radojica Kuca,0
Žarko Popara,Batler Sofronije,0
Žarko Popara,Prcko -  Ostojićev sin,0
Žarko Popara,Pukovnik Dobrivoje Stokić -  pravi Simin vlasnik,0
Žarko Popara,Radojica Ilić,0
Žarko Popara,Ristana Golubovic Riska,0
Žarko Popara,Savka Lopčević Ilić,0
Žarko Popara,Sima,0
Žarko Popara,Smiljka Miljković,0
Žarko Popara,Srećko Šljivić,0
Žarko Popara,Stojiljko Stojiljković Rambo,0
Žarko Popara,Tiosav Marjanovic Garac,They met when Tiosav came looking for his money.
Žarko Popara,Veliborka Prodanović,0
Žarko Popara,Velimir Davidović Bata Šejn,They met at the beauty pageant.
Žarko Popara,Veselin Veličković Vesko,0
Žarko Popara,Vesna Popac,0
Žarko Popara,Vukasin Golubovic,They met when Zarko came to Bosko's agency.
Žarko Popara,Vuksan Mitrović,0
Žarko Popara,Žaklina iz Valjeva,0